{
  "annotations": {
    "list": [
      {
        "builtIn": 1,
        "datasource": {
          "type": "datasource",
          "uid": "grafana"
        },
        "enable": true,
        "hide": true,
        "iconColor": "rgba(0, 211, 255, 1)",
        "name": "Annotations & Alerts",
        "target": {
          "limit": 100,
          "matchAny": false,
          "tags": [],
          "type": "dashboard"
        },
        "type": "dashboard"
      }
    ]
  },
  "editable": true,
  "fiscalYearStartMonth": 0,
  "graphTooltip": 0,
  "id": 2,
  "links": [
    {
      "icon": "external link",
      "tags": [
        "Avalanche"
      ],
      "type": "dashboards"
    }
  ],
  "liveNow": false,
  "panels": [
    {
      "datasource": {
        "type": "prometheus",
        "uid": "PBFA97CFB590B2093"
      },
      "fieldConfig": {
        "defaults": {
          "color": {
            "mode": "palette-classic"
          },
          "custom": {
            "axisBorderShow": false,
            "axisCenteredZero": false,
            "axisColorMode": "text",
            "axisLabel": "",
            "axisPlacement": "auto",
            "barAlignment": 0,
            "drawStyle": "bars",
            "fillOpacity": 100,
            "gradientMode": "none",
            "hideFrom": {
              "legend": false,
              "tooltip": false,
              "viz": false
            },
            "insertNulls": false,
            "lineInterpolation": "linear",
            "lineWidth": 1,
            "pointSize": 5,
            "scaleDistribution": {
              "type": "linear"
            },
            "showPoints": "never",
            "spanNulls": true,
            "stacking": {
              "group": "A",
              "mode": "none"
            },
            "thresholdsStyle": {
              "mode": "off"
            }
          },
          "mappings": [],
          "thresholds": {
            "mode": "absolute",
            "steps": [
              {
                "color": "green",
                "value": null
              },
              {
                "color": "red",
                "value": 80
              }
            ]
          },
          "unit": "short"
        },
        "overrides": []
      },
      "gridPos": {
        "h": 8,
        "w": 12,
        "x": 0,
        "y": 0
      },
      "id": 15,
      "options": {
        "legend": {
          "calcs": [
            "mean",
            "lastNotNull",
            "max",
            "min"
          ],
          "displayMode": "list",
          "placement": "bottom",
          "showLegend": true
        },
        "tooltip": {
          "mode": "single",
          "sort": "none"
        }
      },
      "pluginVersion": "8.0.4",
      "targets": [
        {
          "datasource": {
            "type": "prometheus"
          },
          "editorMode": "code",
          "exemplar": true,
          "expr": "round(increase(avalanche_C_blks_accepted_count{instance=~\"$host\",job=\"avalanchego\"}[1m]))>0",
          "interval": "",
          "legendFormat": "Accepted",
          "range": true,
          "refId": "A"
        }
      ],
      "title": "Accepted Blocks in Last Minute",
      "type": "timeseries"
    },
    {
      "datasource": {
        "type": "prometheus",
        "uid": "PBFA97CFB590B2093"
      },
      "fieldConfig": {
        "defaults": {
          "color": {
            "mode": "palette-classic"
          },
          "custom": {
            "axisBorderShow": false,
            "axisCenteredZero": false,
            "axisColorMode": "text",
            "axisLabel": "",
            "axisPlacement": "auto",
            "barAlignment": 0,
            "drawStyle": "bars",
            "fillOpacity": 100,
            "gradientMode": "none",
            "hideFrom": {
              "legend": false,
              "tooltip": false,
              "viz": false
            },
            "insertNulls": false,
            "lineInterpolation": "linear",
            "lineWidth": 1,
            "pointSize": 5,
            "scaleDistribution": {
              "type": "linear"
            },
            "showPoints": "never",
            "spanNulls": true,
            "stacking": {
              "group": "A",
              "mode": "none"
            },
            "thresholdsStyle": {
              "mode": "off"
            }
          },
          "mappings": [],
          "thresholds": {
            "mode": "absolute",
            "steps": [
              {
                "color": "green",
                "value": null
              },
              {
                "color": "red",
                "value": 80
              }
            ]
          },
          "unit": "short"
        },
        "overrides": []
      },
      "gridPos": {
        "h": 8,
        "w": 12,
        "x": 12,
        "y": 0
      },
      "id": 20,
      "options": {
        "legend": {
          "calcs": [
            "mean",
            "lastNotNull",
            "max",
            "min"
          ],
          "displayMode": "list",
          "placement": "bottom",
          "showLegend": true
        },
        "tooltip": {
          "mode": "single",
          "sort": "none"
        }
      },
      "pluginVersion": "8.0.4",
      "targets": [
        {
          "datasource": {
            "type": "prometheus"
          },
          "editorMode": "code",
          "exemplar": true,
          "expr": "round(increase(avalanche_C_blks_rejected_count{instance=~\"$host\",job=\"avalanchego\"}[1m]))>0",
          "interval": "",
          "legendFormat": "Rejected",
          "range": true,
          "refId": "A"
        }
      ],
      "title": "Rejected Blocks in Last Minute",
      "type": "timeseries"
    },
    {
      "datasource": {
        "type": "prometheus",
        "uid": "PBFA97CFB590B2093"
      },
      "description": "The average time between a block's issuance and acceptance by this node over the last 5 minutes.",
      "fieldConfig": {
        "defaults": {
          "color": {
            "mode": "palette-classic"
          },
          "custom": {
            "axisBorderShow": false,
            "axisCenteredZero": false,
            "axisColorMode": "text",
            "axisLabel": "",
            "axisPlacement": "auto",
            "barAlignment": 0,
            "drawStyle": "line",
            "fillOpacity": 0,
            "gradientMode": "none",
            "hideFrom": {
              "legend": false,
              "tooltip": false,
              "viz": false
            },
            "insertNulls": false,
            "lineInterpolation": "smooth",
            "lineWidth": 1,
            "pointSize": 5,
            "scaleDistribution": {
              "type": "linear"
            },
            "showPoints": "never",
            "spanNulls": true,
            "stacking": {
              "group": "A",
              "mode": "none"
            },
            "thresholdsStyle": {
              "mode": "line+area"
            }
          },
          "mappings": [],
          "min": 0,
          "thresholds": {
            "mode": "absolute",
            "steps": [
              {
                "color": "transparent",
                "value": null
              }
            ]
          },
          "unit": "ns"
        },
        "overrides": []
      },
      "gridPos": {
        "h": 8,
        "w": 12,
        "x": 0,
        "y": 8
      },
      "id": 22,
      "options": {
        "legend": {
          "calcs": [
            "mean",
            "lastNotNull",
            "max",
            "min"
          ],
          "displayMode": "list",
          "placement": "bottom",
          "showLegend": true
        },
        "tooltip": {
          "mode": "single",
          "sort": "none"
        }
      },
      "pluginVersion": "8.0.4",
      "targets": [
        {
          "datasource": {
            "type": "prometheus"
          },
          "editorMode": "code",
          "expr": "rate(avalanche_C_blks_accepted_sum{instance=~\"$host\",job=\"avalanchego\"}[5m]) / rate(avalanche_C_blks_accepted_count{instance=~\"$host\",job=\"avalanchego\"}[5m])",
          "interval": "",
          "legendFormat": "Avg Acceptance Latency",
          "range": true,
          "refId": "A"
        }
      ],
      "title": "Average Block Acceptance Latency",
      "type": "timeseries"
    },
    {
      "datasource": {
        "type": "prometheus",
        "uid": "PBFA97CFB590B2093"
      },
      "description": "The average time between a block's issuance and rejection by this node over the last 5 minutes.",
      "fieldConfig": {
        "defaults": {
          "color": {
            "mode": "palette-classic"
          },
          "custom": {
            "axisBorderShow": false,
            "axisCenteredZero": false,
            "axisColorMode": "text",
            "axisLabel": "",
            "axisPlacement": "auto",
            "barAlignment": 0,
            "drawStyle": "line",
            "fillOpacity": 0,
            "gradientMode": "none",
            "hideFrom": {
              "legend": false,
              "tooltip": false,
              "viz": false
            },
            "insertNulls": false,
            "lineInterpolation": "smooth",
            "lineWidth": 1,
            "pointSize": 5,
            "scaleDistribution": {
              "type": "linear"
            },
            "showPoints": "never",
            "spanNulls": false,
            "stacking": {
              "group": "A",
              "mode": "none"
            },
            "thresholdsStyle": {
              "mode": "off"
            }
          },
          "mappings": [],
          "thresholds": {
            "mode": "absolute",
            "steps": [
              {
                "color": "green",
                "value": null
              },
              {
                "color": "red",
                "value": 80
              }
            ]
          },
          "unit": "ns"
        },
        "overrides": []
      },
      "gridPos": {
        "h": 8,
        "w": 12,
        "x": 12,
        "y": 8
      },
      "id": 23,
      "options": {
        "legend": {
          "calcs": [
            "mean",
            "lastNotNull",
            "max",
            "min"
          ],
          "displayMode": "list",
          "placement": "bottom",
          "showLegend": true
        },
        "tooltip": {
          "mode": "single",
          "sort": "none"
        }
      },
      "pluginVersion": "8.0.4",
      "targets": [
        {
          "datasource": {
            "type": "prometheus"
          },
          "editorMode": "code",
          "expr": "rate(avalanche_C_blks_rejected_sum{instance=~\"$host\",job=\"avalanchego\"}[5m]) / rate(avalanche_C_blks_rejected_count{instance=~\"$host\",job=\"avalanchego\"}[5m])",
          "interval": "",
          "legendFormat": "Avg Rejection Latency",
          "range": true,
          "refId": "A"
        }
      ],
      "title": "Average Block Rejection Latency",
      "type": "timeseries"
    },
    {
      "datasource": {
        "type": "prometheus",
        "uid": "PBFA97CFB590B2093"
      },
      "fieldConfig": {
        "defaults": {
          "color": {
            "mode": "palette-classic"
          },
          "custom": {
            "axisBorderShow": false,
            "axisCenteredZero": false,
            "axisColorMode": "text",
            "axisLabel": "Transactions",
            "axisPlacement": "auto",
            "barAlignment": 0,
            "drawStyle": "bars",
            "fillOpacity": 100,
            "gradientMode": "none",
            "hideFrom": {
              "legend": false,
              "tooltip": false,
              "viz": false
            },
            "insertNulls": false,
            "lineInterpolation": "linear",
            "lineWidth": 1,
            "pointSize": 5,
            "scaleDistribution": {
              "type": "linear"
            },
            "showPoints": "never",
            "spanNulls": false,
            "stacking": {
              "group": "A",
              "mode": "none"
            },
            "thresholdsStyle": {
              "mode": "line+area"
            }
          },
          "mappings": [],
          "thresholds": {
            "mode": "absolute",
            "steps": [
              {
                "color": "transparent",
                "value": null
              }
            ]
          },
          "unit": "short"
        },
        "overrides": []
      },
      "gridPos": {
        "h": 8,
        "w": 12,
        "x": 0,
        "y": 16
      },
      "id": 9,
      "options": {
        "legend": {
          "calcs": [
            "mean",
            "lastNotNull",
            "max"
          ],
          "displayMode": "list",
          "placement": "bottom",
          "showLegend": true
        },
        "tooltip": {
          "mode": "single",
          "sort": "none"
        }
      },
      "pluginVersion": "8.0.4",
      "targets": [
        {
          "datasource": {
            "type": "prometheus"
          },
          "editorMode": "code",
          "exemplar": true,
          "expr": "avalanche_C_blks_processing{instance=~\"$host\",job=\"avalanchego\"}>0",
          "interval": "",
          "legendFormat": "Transactions",
          "range": true,
          "refId": "A"
        }
      ],
      "title": "Processing Blocks",
      "type": "timeseries"
    },
    {
      "datasource": {
        "type": "prometheus",
        "uid": "PBFA97CFB590B2093"
      },
      "fieldConfig": {
        "defaults": {
          "color": {
            "mode": "palette-classic"
          },
          "custom": {
            "axisBorderShow": false,
            "axisCenteredZero": false,
            "axisColorMode": "text",
            "axisLabel": "Incomplete Polls",
            "axisPlacement": "auto",
            "barAlignment": 0,
            "drawStyle": "bars",
            "fillOpacity": 100,
            "gradientMode": "none",
            "hideFrom": {
              "legend": false,
              "tooltip": false,
              "viz": false
            },
            "insertNulls": false,
            "lineInterpolation": "linear",
            "lineWidth": 1,
            "pointSize": 5,
            "scaleDistribution": {
              "type": "linear"
            },
            "showPoints": "never",
            "spanNulls": false,
            "stacking": {
              "group": "A",
              "mode": "none"
            },
            "thresholdsStyle": {
              "mode": "line+area"
            }
          },
          "mappings": [],
          "thresholds": {
            "mode": "absolute",
            "steps": [
              {
                "color": "transparent",
                "value": null
              }
            ]
          },
          "unit": "short"
        },
        "overrides": []
      },
      "gridPos": {
        "h": 8,
        "w": 12,
        "x": 12,
        "y": 16
      },
      "id": 39,
      "options": {
        "legend": {
          "calcs": [
            "mean",
            "lastNotNull",
            "max"
          ],
          "displayMode": "list",
          "placement": "bottom",
          "showLegend": true
        },
        "tooltip": {
          "mode": "single",
          "sort": "none"
        }
      },
      "pluginVersion": "8.0.4",
      "targets": [
        {
          "datasource": {
            "type": "prometheus"
          },
          "editorMode": "code",
          "exemplar": true,
          "expr": "avalanche_C_polls{instance=~\"$host\"} > 0",
          "interval": "",
          "legendFormat": "",
          "range": true,
          "refId": "A"
        }
      ],
      "title": "Incomplete Polls",
      "type": "timeseries"
    },
    {
      "datasource": {
        "type": "prometheus",
        "uid": "PBFA97CFB590B2093"
      },
      "description": "Measures how much of each second is being spent handling different kinds of messages on the C-Chain.\nThe value for chits, for example, is the number of seconds spent handling chits messages per second, over the last 30 seconds.",
      "fieldConfig": {
        "defaults": {
          "color": {
            "mode": "palette-classic"
          },
          "custom": {
            "axisBorderShow": false,
            "axisCenteredZero": false,
            "axisColorMode": "text",
            "axisLabel": "",
            "axisPlacement": "auto",
            "barAlignment": 0,
            "drawStyle": "line",
            "fillOpacity": 0,
            "gradientMode": "none",
            "hideFrom": {
              "legend": false,
              "tooltip": false,
              "viz": false
            },
            "insertNulls": false,
            "lineInterpolation": "smooth",
            "lineWidth": 1,
            "pointSize": 5,
            "scaleDistribution": {
              "type": "linear"
            },
            "showPoints": "never",
            "spanNulls": true,
            "stacking": {
              "group": "A",
              "mode": "none"
            },
            "thresholdsStyle": {
              "mode": "off"
            }
          },
          "mappings": [],
          "thresholds": {
            "mode": "absolute",
            "steps": [
              {
                "color": "green",
                "value": null
              },
              {
                "color": "red",
                "value": 80
              }
            ]
          },
          "unit": "ns"
        },
        "overrides": []
      },
      "gridPos": {
        "h": 9,
        "w": 12,
        "x": 0,
        "y": 24
      },
      "id": 5,
      "options": {
        "legend": {
          "calcs": [
            "mean",
            "max"
          ],
          "displayMode": "table",
          "placement": "right",
          "showLegend": true
        },
        "tooltip": {
          "mode": "single",
          "sort": "none"
        }
      },
      "pluginVersion": "8.0.4",
      "targets": [
        {
          "datasource": {
            "type": "prometheus"
          },
          "editorMode": "code",
          "exemplar": true,
          "expr": "rate(avalanche_C_handler_pull_query_sum{instance=~\"$host\",job=\"avalanchego\"}[5m])",
          "interval": "",
          "legendFormat": "pull query",
          "range": true,
          "refId": "A"
        },
        {
          "datasource": {
            "type": "prometheus"
          },
          "editorMode": "code",
          "exemplar": true,
          "expr": "rate(avalanche_C_handler_push_query_sum{instance=~\"$host\",job=\"avalanchego\"}[5m])",
          "interval": "",
          "legendFormat": "push query",
          "range": true,
          "refId": "B"
        },
        {
          "datasource": {
            "type": "prometheus"
          },
          "editorMode": "code",
          "exemplar": true,
          "expr": "rate(avalanche_C_handler_chits_sum{instance=~\"$host\",job=\"avalanchego\"}[5m])",
          "interval": "",
          "legendFormat": "chits",
          "range": true,
          "refId": "C"
        },
        {
          "datasource": {
            "type": "prometheus"
          },
          "editorMode": "code",
          "exemplar": true,
          "expr": "rate(avalanche_C_handler_accepted_sum{instance=~\"$host\",job=\"avalanchego\"}[5m])",
          "interval": "",
          "legendFormat": "accepted",
          "range": true,
          "refId": "D"
        },
        {
          "datasource": {
            "type": "prometheus"
          },
          "editorMode": "code",
          "exemplar": true,
          "expr": "rate(avalanche_C_handler_get_sum{instance=~\"$host\",job=\"avalanchego\"}[5m])",
          "interval": "",
          "legendFormat": "get",
          "range": true,
          "refId": "E"
        },
        {
          "datasource": {
            "type": "prometheus"
          },
          "editorMode": "code",
          "exemplar": true,
          "expr": "rate(avalanche_C_handler_put_sum{instance=~\"$host\",job=\"avalanchego\"}[5m])",
          "interval": "",
          "legendFormat": "put",
          "range": true,
          "refId": "F"
        },
        {
          "datasource": {
            "type": "prometheus"
          },
          "editorMode": "code",
          "exemplar": true,
          "expr": "rate(avalanche_C_handler_multiput_sum{instance=~\"$host\",job=\"avalanchego\"}[5m])",
          "interval": "",
          "legendFormat": "multiput",
          "range": true,
          "refId": "G"
        },
        {
          "datasource": {
            "type": "prometheus"
          },
          "editorMode": "code",
          "exemplar": true,
          "expr": "rate(avalanche_C_handler_get_ancestors_sum{instance=~\"$host\",job=\"avalanchego\"}[5m])",
          "interval": "",
          "legendFormat": "get ancestors",
          "range": true,
          "refId": "H"
        },
        {
          "datasource": {
            "type": "prometheus"
          },
          "editorMode": "code",
          "exemplar": true,
          "expr": "rate(avalanche_C_handler_get_failed_sum{instance=~\"$host\",job=\"avalanchego\"}[5m])",
          "interval": "",
          "legendFormat": "get failed",
          "range": true,
          "refId": "I"
        },
        {
          "datasource": {
            "type": "prometheus"
          },
          "editorMode": "code",
          "exemplar": true,
          "expr": "rate(avalanche_C_handler_query_failed_sum{instance=~\"$host\",job=\"avalanchego\"}[5m])",
          "interval": "",
          "legendFormat": "query failed",
          "range": true,
          "refId": "J"
        },
        {
          "datasource": {
            "type": "prometheus"
          },
          "editorMode": "code",
          "exemplar": true,
          "expr": "rate(avalanche_C_handler_get_accepted_sum{instance=~\"$host\",job=\"avalanchego\"}[5m])",
          "interval": "",
          "legendFormat": "get accepted",
          "range": true,
          "refId": "K"
        },
        {
          "datasource": {
            "type": "prometheus"
          },
          "editorMode": "code",
          "exemplar": true,
          "expr": "rate(avalanche_C_handler_get_ancestors_failed_sum{instance=~\"$host\",job=\"avalanchego\"}[5m])",
          "interval": "",
          "legendFormat": "get ancestors failed",
          "range": true,
          "refId": "L"
        },
        {
          "datasource": {
            "type": "prometheus"
          },
          "editorMode": "code",
          "exemplar": true,
          "expr": "rate(avalanche_C_handler_app_request_sum{instance=~\"$host\",job=\"avalanchego\"}[5m])",
          "hide": false,
          "interval": "",
          "legendFormat": "app request",
          "range": true,
          "refId": "M"
        },
        {
          "datasource": {
            "type": "prometheus"
          },
          "editorMode": "code",
          "exemplar": true,
          "expr": "rate(avalanche_C_handler_app_request_failed_sum{instance=~\"$host\",job=\"avalanchego\"}[5m])",
          "hide": false,
          "interval": "",
          "legendFormat": "app request failed",
          "range": true,
          "refId": "N"
        },
        {
          "datasource": {
            "type": "prometheus"
          },
          "editorMode": "code",
          "exemplar": true,
          "expr": "rate(avalanche_C_handler_app_response_sum{instance=~\"$host\",job=\"avalanchego\"}[5m])",
          "hide": false,
          "interval": "",
          "legendFormat": "app response",
          "range": true,
          "refId": "O"
        },
        {
          "datasource": {
            "type": "prometheus"
          },
          "editorMode": "code",
          "exemplar": true,
          "expr": "rate(avalanche_C_handler_app_gossip_sum{instance=~\"$host\",job=\"avalanchego\"}[5m])",
          "hide": false,
          "interval": "",
          "legendFormat": "app gossip",
          "range": true,
          "refId": "P"
        }
      ],
      "title": "Message Handling Time (Total)",
      "type": "timeseries"
    },
    {
      "datasource": {
        "type": "prometheus",
        "uid": "PBFA97CFB590B2093"
      },
      "description": "Percentage of queries for which we receive chits on time.",
      "fieldConfig": {
        "defaults": {
          "color": {
            "mode": "palette-classic"
          },
          "custom": {
            "axisBorderShow": false,
            "axisCenteredZero": false,
            "axisColorMode": "text",
            "axisLabel": "",
            "axisPlacement": "auto",
            "axisSoftMin": 0,
            "barAlignment": 0,
            "drawStyle": "line",
            "fillOpacity": 0,
            "gradientMode": "none",
            "hideFrom": {
              "legend": false,
              "tooltip": false,
              "viz": false
            },
            "insertNulls": false,
            "lineInterpolation": "smooth",
            "lineWidth": 1,
            "pointSize": 5,
            "scaleDistribution": {
              "type": "linear"
            },
            "showPoints": "never",
            "spanNulls": true,
            "stacking": {
              "group": "A",
              "mode": "none"
            },
            "thresholdsStyle": {
              "mode": "line+area"
            }
          },
          "mappings": [],
          "min": 0,
          "thresholds": {
            "mode": "absolute",
            "steps": [
              {
                "color": "red",
                "value": null
              },
              {
                "color": "transparent",
                "value": 0.8
              }
            ]
          },
          "unit": "short"
        },
        "overrides": []
      },
      "gridPos": {
        "h": 8,
        "w": 12,
        "x": 12,
        "y": 24
      },
      "id": 11,
      "options": {
        "legend": {
          "calcs": [
            "mean",
            "lastNotNull",
            "max",
            "min"
          ],
          "displayMode": "list",
          "placement": "bottom",
          "showLegend": true
        },
        "tooltip": {
          "mode": "single",
          "sort": "none"
        }
      },
      "pluginVersion": "8.0.4",
      "targets": [
        {
          "datasource": {
            "type": "prometheus"
          },
          "editorMode": "code",
          "exemplar": true,
          "expr": "(increase(avalanche_C_handler_chits_count{instance=~\"$host\",job=\"avalanchego\"}[5m]) + 1) / (increase(avalanche_C_handler_chits_count{instance=~\"$host\",job=\"avalanchego\"}[5m]) + increase(avalanche_C_handler_query_failed_count{instance=~\"$host\",job=\"avalanchego\"}[5m]) + 1)",
          "instant": false,
          "interval": "",
          "legendFormat": "% Successful",
          "refId": "A"
        }
      ],
      "title": "Percentage of Successful Queries",
      "type": "timeseries"
    },
    {
      "datasource": {
        "type": "prometheus",
        "uid": "PBFA97CFB590B2093"
      },
      "description": "Measures how long each kind of request on the C-Chain takes to handle.\nThe value for chits, for example, is how long, in seconds, it takes to handle a chits message.",
      "fieldConfig": {
        "defaults": {
          "color": {
            "mode": "palette-classic"
          },
          "custom": {
            "axisBorderShow": false,
            "axisCenteredZero": false,
            "axisColorMode": "text",
            "axisLabel": "",
            "axisPlacement": "auto",
            "barAlignment": 0,
            "drawStyle": "line",
            "fillOpacity": 0,
            "gradientMode": "none",
            "hideFrom": {
              "legend": false,
              "tooltip": false,
              "viz": false
            },
            "insertNulls": false,
            "lineInterpolation": "smooth",
            "lineWidth": 1,
            "pointSize": 5,
            "scaleDistribution": {
              "type": "linear"
            },
            "showPoints": "never",
            "spanNulls": true,
            "stacking": {
              "group": "A",
              "mode": "none"
            },
            "thresholdsStyle": {
              "mode": "off"
            }
          },
          "mappings": [],
          "thresholds": {
            "mode": "absolute",
            "steps": [
              {
                "color": "green",
                "value": null
              },
              {
                "color": "red",
                "value": 80
              }
            ]
          },
          "unit": "ns"
        },
        "overrides": []
      },
      "gridPos": {
        "h": 9,
        "w": 12,
        "x": 12,
        "y": 32
      },
      "id": 7,
      "options": {
        "legend": {
          "calcs": [
            "mean",
            "max"
          ],
          "displayMode": "table",
          "placement": "right",
          "showLegend": true
        },
        "tooltip": {
          "mode": "single",
          "sort": "none"
        }
      },
      "pluginVersion": "8.0.4",
      "targets": [
        {
          "datasource": {
            "type": "prometheus"
          },
          "editorMode": "code",
          "exemplar": true,
          "expr": "rate(avalanche_C_handler_pull_query_sum{instance=~\"$host\",job=\"avalanchego\"}[5m])/rate(avalanche_C_handler_pull_query_count{instance=~\"$host\",job=\"avalanchego\"}[5m])",
          "interval": "",
          "legendFormat": "pull query",
          "range": true,
          "refId": "A"
        },
        {
          "datasource": {
            "type": "prometheus"
          },
          "editorMode": "code",
          "exemplar": true,
          "expr": "rate(avalanche_C_handler_push_query_sum{instance=~\"$host\",job=\"avalanchego\"}[5m])/rate(avalanche_C_handler_push_query_count{instance=~\"$host\",job=\"avalanchego\"}[5m])",
          "interval": "",
          "legendFormat": "push query",
          "range": true,
          "refId": "B"
        },
        {
          "datasource": {
            "type": "prometheus"
          },
          "editorMode": "code",
          "exemplar": true,
          "expr": "rate(avalanche_C_handler_chits_sum{instance=~\"$host\",job=\"avalanchego\"}[5m])/rate(avalanche_C_handler_chits_count{instance=~\"$host\",job=\"avalanchego\"}[5m])",
          "interval": "",
          "legendFormat": "chits",
          "range": true,
          "refId": "C"
        },
        {
          "datasource": {
            "type": "prometheus"
          },
          "editorMode": "code",
          "exemplar": true,
          "expr": "rate(avalanche_C_handler_accepted_sum{instance=~\"$host\",job=\"avalanchego\"}[5m])/rate(avalanche_C_handler_accepted_count{instance=~\"$host\",job=\"avalanchego\"}[5m])",
          "interval": "",
          "legendFormat": "accepted",
          "range": true,
          "refId": "D"
        },
        {
          "datasource": {
            "type": "prometheus"
          },
          "editorMode": "code",
          "exemplar": true,
          "expr": "rate(avalanche_C_handler_get_sum{instance=~\"$host\",job=\"avalanchego\"}[5m])/rate(avalanche_C_handler_get_count{instance=~\"$host\",job=\"avalanchego\"}[5m])",
          "interval": "",
          "legendFormat": "get",
          "range": true,
          "refId": "E"
        },
        {
          "datasource": {
            "type": "prometheus"
          },
          "editorMode": "code",
          "exemplar": true,
          "expr": "rate(avalanche_C_handler_put_sum{instance=~\"$host\",job=\"avalanchego\"}[5m])/rate(avalanche_C_handler_put_count{instance=~\"$host\",job=\"avalanchego\"}[5m])",
          "interval": "",
          "legendFormat": "put",
          "range": true,
          "refId": "F"
        },
        {
          "datasource": {
            "type": "prometheus"
          },
          "editorMode": "code",
          "exemplar": true,
          "expr": "rate(avalanche_C_handler_multiput_sum{instance=~\"$host\",job=\"avalanchego\"}[5m])/rate(avalanche_C_handler_multi_put_count{instance=~\"$host\",job=\"avalanchego\"}[5m])",
          "interval": "",
          "legendFormat": "multiput",
          "range": true,
          "refId": "G"
        },
        {
          "datasource": {
            "type": "prometheus"
          },
          "editorMode": "code",
          "exemplar": true,
          "expr": "rate(avalanche_C_handler_get_ancestors_sum{instance=~\"$host\",job=\"avalanchego\"}[5m])/rate(avalanche_C_handler_get_ancestors_count{instance=~\"$host\",job=\"avalanchego\"}[5m])",
          "interval": "",
          "legendFormat": "get ancestors",
          "range": true,
          "refId": "H"
        },
        {
          "datasource": {
            "type": "prometheus"
          },
          "editorMode": "code",
          "exemplar": true,
          "expr": "rate(avalanche_C_handler_get_failed_sum{instance=~\"$host\",job=\"avalanchego\"}[5m])/rate(avalanche_C_handler_get_failed_count{instance=~\"$host\",job=\"avalanchego\"}[5m])",
          "interval": "",
          "legendFormat": "get failed",
          "range": true,
          "refId": "I"
        },
        {
          "datasource": {
            "type": "prometheus"
          },
          "editorMode": "code",
          "exemplar": true,
          "expr": "rate(avalanche_C_handler_query_failed_sum{instance=~\"$host\",job=\"avalanchego\"}[5m])/rate(avalanche_C_handler_query_failed_count{instance=~\"$host\",job=\"avalanchego\"}[5m])",
          "interval": "",
          "legendFormat": "query failed",
          "range": true,
          "refId": "J"
        },
        {
          "datasource": {
            "type": "prometheus"
          },
          "editorMode": "code",
          "exemplar": true,
          "expr": "rate(avalanche_C_handler_get_accepted_sum{instance=~\"$host\",job=\"avalanchego\"}[5m])/rate(avalanche_C_handler_get_accepted_count{instance=~\"$host\",job=\"avalanchego\"}[5m])",
          "interval": "",
          "legendFormat": "get accepted",
          "range": true,
          "refId": "K"
        },
        {
          "datasource": {
            "type": "prometheus"
          },
          "editorMode": "code",
          "exemplar": true,
          "expr": "rate(avalanche_C_handler_get_ancestors_failed_sum{instance=~\"$host\",job=\"avalanchego\"}[5m])/rate(avalanche_C_handler_get_ancestors_failed_count{instance=~\"$host\",job=\"avalanchego\"}[5m])",
          "interval": "",
          "legendFormat": "get ancestors failed",
          "range": true,
          "refId": "L"
        },
        {
          "datasource": {
            "type": "prometheus"
          },
          "editorMode": "code",
          "exemplar": true,
          "expr": "rate(avalanche_C_handler_app_request_sum{instance=~\"$host\",job=\"avalanchego\"}[5m])/rate(avalanche_C_handler_app_request_count{instance=~\"$host\",job=\"avalanchego\"}[5m])",
          "hide": false,
          "interval": "",
          "legendFormat": "app request",
          "range": true,
          "refId": "M"
        },
        {
          "datasource": {
            "type": "prometheus"
          },
          "editorMode": "code",
          "exemplar": true,
          "expr": "rate(avalanche_C_handler_app_request_failed_sum{instance=~\"$host\",job=\"avalanchego\"}[5m])/rate(avalanche_C_handler_app_request_failed_count{instance=~\"$host\",job=\"avalanchego\"}[5m])",
          "hide": false,
          "interval": "",
          "legendFormat": "app request failed",
          "range": true,
          "refId": "N"
        },
        {
          "datasource": {
            "type": "prometheus"
          },
          "editorMode": "code",
          "exemplar": true,
          "expr": "rate(avalanche_C_handler_app_response_sum{instance=~\"$host\",job=\"avalanchego\"}[5m])/rate(avalanche_C_handler_app_response_count{instance=~\"$host\",job=\"avalanchego\"}[5m])",
          "hide": false,
          "interval": "",
          "legendFormat": "app response",
          "range": true,
          "refId": "O"
        },
        {
          "datasource": {
            "type": "prometheus"
          },
          "editorMode": "code",
          "exemplar": true,
          "expr": "rate(avalanche_C_handler_app_gossip_sum{instance=~\"$host\",job=\"avalanchego\"}[5m])/rate(avalanche_C_handler_app_gossip_count{instance=~\"$host\",job=\"avalanchego\"}[5m])",
          "hide": false,
          "interval": "",
          "legendFormat": "app gossip",
          "range": true,
          "refId": "P"
        }
      ],
      "title": "Message Handling Time (per Message)",
      "type": "timeseries"
    },
    {
      "datasource": {
        "type": "prometheus",
        "uid": "PBFA97CFB590B2093"
      },
      "fieldConfig": {
        "defaults": {
          "color": {
            "mode": "palette-classic"
          },
          "custom": {
            "axisBorderShow": false,
            "axisCenteredZero": false,
            "axisColorMode": "text",
            "axisLabel": "",
            "axisPlacement": "auto",
            "barAlignment": 0,
            "drawStyle": "bars",
            "fillOpacity": 0,
            "gradientMode": "none",
            "hideFrom": {
              "legend": false,
              "tooltip": false,
              "viz": false
            },
            "insertNulls": false,
            "lineInterpolation": "linear",
            "lineWidth": 1,
            "pointSize": 5,
            "scaleDistribution": {
              "type": "linear"
            },
            "showPoints": "never",
            "spanNulls": true,
            "stacking": {
              "group": "A",
              "mode": "none"
            },
            "thresholdsStyle": {
              "mode": "off"
            }
          },
          "mappings": [],
          "min": 0,
          "thresholds": {
            "mode": "absolute",
            "steps": [
              {
                "color": "green",
                "value": null
              },
              {
                "color": "red",
                "value": 80
              }
            ]
          },
          "unit": "short"
        },
        "overrides": []
      },
      "gridPos": {
        "h": 8,
        "w": 6,
        "x": 0,
        "y": 33
      },
      "id": 19,
      "options": {
        "legend": {
          "calcs": [
            "mean",
            "max"
          ],
          "displayMode": "list",
          "placement": "bottom",
          "showLegend": true
        },
        "tooltip": {
          "mode": "single",
          "sort": "none"
        }
      },
      "pluginVersion": "8.0.6",
      "targets": [
        {
          "datasource": {
            "type": "prometheus"
          },
          "editorMode": "code",
          "exemplar": true,
          "expr": "avalanche_C_handler_unprocessed_msgs_len{instance=~\"$host\"}",
          "interval": "",
          "legendFormat": "Pending Messages",
          "range": true,
          "refId": "A"
        }
      ],
      "title": "Unprocessed Incoming Messages",
      "type": "timeseries"
    },
    {
      "datasource": {
        "type": "prometheus",
        "uid": "PBFA97CFB590B2093"
      },
      "fieldConfig": {
        "defaults": {
          "color": {
            "mode": "palette-classic"
          },
          "custom": {
            "axisBorderShow": false,
            "axisCenteredZero": false,
            "axisColorMode": "text",
            "axisLabel": "",
            "axisPlacement": "auto",
            "barAlignment": 0,
            "drawStyle": "bars",
            "fillOpacity": 0,
            "gradientMode": "none",
            "hideFrom": {
              "legend": false,
              "tooltip": false,
              "viz": false
            },
            "insertNulls": false,
            "lineInterpolation": "linear",
            "lineWidth": 1,
            "pointSize": 5,
            "scaleDistribution": {
              "type": "linear"
            },
            "showPoints": "never",
            "spanNulls": true,
            "stacking": {
              "group": "A",
              "mode": "none"
            },
            "thresholdsStyle": {
              "mode": "off"
            }
          },
          "mappings": [],
          "min": 0,
          "thresholds": {
            "mode": "absolute",
            "steps": [
              {
                "color": "green",
                "value": null
              },
              {
                "color": "red",
                "value": 80
              }
            ]
          },
          "unit": "short"
        },
        "overrides": []
      },
      "gridPos": {
        "h": 8,
        "w": 6,
        "x": 6,
        "y": 33
      },
      "id": 29,
      "options": {
        "legend": {
          "calcs": [
            "mean",
            "max"
          ],
          "displayMode": "list",
          "placement": "bottom",
          "showLegend": true
        },
        "tooltip": {
          "mode": "single",
          "sort": "none"
        }
      },
      "pluginVersion": "8.0.6",
      "targets": [
        {
          "datasource": {
            "type": "prometheus"
          },
          "editorMode": "code",
          "exemplar": true,
          "expr": "increase(avalanche_C_handler_expired{instance=~\"$host\"}[1m])",
          "interval": "",
          "legendFormat": "Expired",
          "range": true,
          "refId": "A"
        }
      ],
      "title": "Incoming Messages Expired in Last Minute",
      "type": "timeseries"
    },
    {
      "datasource": {
        "type": "prometheus",
        "uid": "PBFA97CFB590B2093"
      },
      "description": "The total stake of validators currently \"benched\" due to poor query responsiveness. Queries to these validators will immediately timeout until they are removed from the \"bench.\"",
      "fieldConfig": {
        "defaults": {
          "color": {
            "mode": "palette-classic"
          },
          "custom": {
            "axisBorderShow": false,
            "axisCenteredZero": false,
            "axisColorMode": "text",
            "axisLabel": "",
            "axisPlacement": "auto",
            "barAlignment": 0,
            "drawStyle": "line",
            "fillOpacity": 0,
            "gradientMode": "none",
            "hideFrom": {
              "legend": false,
              "tooltip": false,
              "viz": false
            },
            "insertNulls": false,
            "lineInterpolation": "smooth",
            "lineWidth": 1,
            "pointSize": 5,
            "scaleDistribution": {
              "type": "linear"
            },
            "showPoints": "never",
            "spanNulls": true,
            "stacking": {
              "group": "A",
              "mode": "none"
            },
            "thresholdsStyle": {
              "mode": "off"
            }
          },
          "mappings": [],
          "min": 0,
          "thresholds": {
            "mode": "absolute",
            "steps": [
              {
                "color": "green",
                "value": null
              },
              {
                "color": "red",
                "value": 80
              }
            ]
          },
          "unit": "short"
        },
        "overrides": []
      },
      "gridPos": {
        "h": 9,
        "w": 12,
        "x": 0,
        "y": 41
      },
      "id": 25,
      "options": {
        "legend": {
          "calcs": [
            "mean",
            "lastNotNull",
            "max"
          ],
          "displayMode": "list",
          "placement": "bottom",
          "showLegend": true
        },
        "tooltip": {
          "mode": "single",
          "sort": "none"
        }
      },
      "pluginVersion": "8.0.4",
      "targets": [
        {
          "datasource": {
            "type": "prometheus"
          },
          "editorMode": "code",
          "exemplar": true,
          "expr": "avg_over_time(avalanche_C_benchlist_benched_weight{instance=~\"$host\",job=\"avalanchego\"}[15m]) / 10^9",
          "interval": "",
          "legendFormat": "AVAX Benched",
          "range": true,
          "refId": "A"
        }
      ],
      "title": "AVAX Benched",
      "type": "timeseries"
    },
    {
      "datasource": {
        "type": "prometheus",
        "uid": "PBFA97CFB590B2093"
      },
      "description": "Measures how many of each kind of message are received per second on the C-Chain.",
      "fieldConfig": {
        "defaults": {
          "color": {
            "mode": "palette-classic"
          },
          "custom": {
            "axisBorderShow": false,
            "axisCenteredZero": false,
            "axisColorMode": "text",
            "axisLabel": "Messages / Second",
            "axisPlacement": "auto",
            "barAlignment": 0,
            "drawStyle": "line",
            "fillOpacity": 0,
            "gradientMode": "none",
            "hideFrom": {
              "legend": false,
              "tooltip": false,
              "viz": false
            },
            "insertNulls": false,
            "lineInterpolation": "smooth",
            "lineWidth": 1,
            "pointSize": 5,
            "scaleDistribution": {
              "type": "linear"
            },
            "showPoints": "never",
            "spanNulls": true,
            "stacking": {
              "group": "A",
              "mode": "none"
            },
            "thresholdsStyle": {
              "mode": "off"
            }
          },
          "mappings": [],
          "thresholds": {
            "mode": "absolute",
            "steps": [
              {
                "color": "green",
                "value": null
              },
              {
                "color": "red",
                "value": 80
              }
            ]
          },
          "unit": "short"
        },
        "overrides": []
      },
      "gridPos": {
        "h": 9,
        "w": 12,
        "x": 12,
        "y": 41
      },
      "id": 6,
      "options": {
        "legend": {
          "calcs": [
            "mean",
            "max"
          ],
          "displayMode": "table",
          "placement": "right",
          "showLegend": true
        },
        "tooltip": {
          "mode": "single",
          "sort": "none"
        }
      },
      "pluginVersion": "8.0.4",
      "targets": [
        {
          "datasource": {
            "type": "prometheus"
          },
          "editorMode": "code",
          "exemplar": true,
          "expr": "rate(avalanche_C_handler_pull_query_count{instance=~\"$host\",job=\"avalanchego\"}[5m])",
          "interval": "",
          "legendFormat": "pull query",
          "range": true,
          "refId": "A"
        },
        {
          "datasource": {
            "type": "prometheus"
          },
          "editorMode": "code",
          "exemplar": true,
          "expr": "rate(avalanche_C_handler_push_query_count{instance=~\"$host\",job=\"avalanchego\"}[5m])",
          "interval": "",
          "legendFormat": "push query",
          "range": true,
          "refId": "B"
        },
        {
          "datasource": {
            "type": "prometheus"
          },
          "editorMode": "code",
          "exemplar": true,
          "expr": "rate(avalanche_C_handler_chits_count{instance=~\"$host\",job=\"avalanchego\"}[5m])",
          "interval": "",
          "legendFormat": "chits",
          "range": true,
          "refId": "C"
        },
        {
          "datasource": {
            "type": "prometheus"
          },
          "editorMode": "code",
          "exemplar": true,
          "expr": "rate(avalanche_C_handler_accepted_count{instance=~\"$host\",job=\"avalanchego\"}[5m])",
          "interval": "",
          "legendFormat": "accepted",
          "range": true,
          "refId": "D"
        },
        {
          "datasource": {
            "type": "prometheus"
          },
          "editorMode": "code",
          "exemplar": true,
          "expr": "rate(avalanche_C_handler_get_count{instance=~\"$host\",job=\"avalanchego\"}[5m])",
          "interval": "",
          "legendFormat": "get",
          "range": true,
          "refId": "E"
        },
        {
          "datasource": {
            "type": "prometheus"
          },
          "editorMode": "code",
          "exemplar": true,
          "expr": "rate(avalanche_C_handler_put_count{instance=~\"$host\",job=\"avalanchego\"}[5m])",
          "interval": "",
          "legendFormat": "put",
          "range": true,
          "refId": "F"
        },
        {
          "datasource": {
            "type": "prometheus"
          },
          "editorMode": "code",
          "exemplar": true,
          "expr": "rate(avalanche_C_handler_multi_put_count{instance=~\"$host\",job=\"avalanchego\"}[5m])",
          "interval": "",
          "legendFormat": "multiput",
          "range": true,
          "refId": "G"
        },
        {
          "datasource": {
            "type": "prometheus"
          },
          "editorMode": "code",
          "exemplar": true,
          "expr": "rate(avalanche_C_handler_get_ancestors_count{instance=~\"$host\",job=\"avalanchego\"}[5m])",
          "interval": "",
          "legendFormat": "get ancestors",
          "range": true,
          "refId": "H"
        },
        {
          "datasource": {
            "type": "prometheus"
          },
          "editorMode": "code",
          "exemplar": true,
          "expr": "rate(avalanche_C_handler_get_failed_count{instance=~\"$host\",job=\"avalanchego\"}[5m])",
          "interval": "",
          "legendFormat": "get failed",
          "range": true,
          "refId": "I"
        },
        {
          "datasource": {
            "type": "prometheus"
          },
          "editorMode": "code",
          "exemplar": true,
          "expr": "rate(avalanche_C_handler_query_failed_count{instance=~\"$host\",job=\"avalanchego\"}[5m])",
          "interval": "",
          "legendFormat": "query failed",
          "range": true,
          "refId": "J"
        },
        {
          "datasource": {
            "type": "prometheus"
          },
          "editorMode": "code",
          "exemplar": true,
          "expr": "rate(avalanche_C_handler_get_accepted_count{instance=~\"$host\",job=\"avalanchego\"}[5m])",
          "interval": "",
          "legendFormat": "get accepted",
          "range": true,
          "refId": "K"
        },
        {
          "datasource": {
            "type": "prometheus"
          },
          "editorMode": "code",
          "exemplar": true,
          "expr": "rate(avalanche_C_handler_get_ancestors_failed_count{instance=~\"$host\",job=\"avalanchego\"}[5m])",
          "interval": "",
          "legendFormat": "get ancestors failed",
          "range": true,
          "refId": "L"
        },
        {
          "datasource": {
            "type": "prometheus"
          },
          "editorMode": "code",
          "exemplar": true,
          "expr": "rate(avalanche_C_handler_app_request_count{instance=~\"$host\",job=\"avalanchego\"}[5m])",
          "hide": false,
          "interval": "",
          "legendFormat": "app request",
          "range": true,
          "refId": "M"
        },
        {
          "datasource": {
            "type": "prometheus"
          },
          "editorMode": "code",
          "exemplar": true,
          "expr": "rate(avalanche_C_handler_app_request_failed_count{instance=~\"$host\",job=\"avalanchego\"}[5m])",
          "hide": false,
          "interval": "",
          "legendFormat": "app request failed",
          "range": true,
          "refId": "N"
        },
        {
          "datasource": {
            "type": "prometheus"
          },
          "editorMode": "code",
          "exemplar": true,
          "expr": "rate(avalanche_C_handler_app_response_count{instance=~\"$host\",job=\"avalanchego\"}[5m])",
          "hide": false,
          "interval": "",
          "legendFormat": "app response",
          "range": true,
          "refId": "O"
        },
        {
          "datasource": {
            "type": "prometheus"
          },
          "editorMode": "code",
          "exemplar": true,
          "expr": "rate(avalanche_C_handler_app_gossip_count{instance=~\"$host\",job=\"avalanchego\"}[5m])",
          "hide": false,
          "interval": "",
          "legendFormat": "app gossip",
          "range": true,
          "refId": "P"
        }
      ],
      "title": "Messages Received per Second",
      "type": "timeseries"
    },
    {
      "datasource": {
        "type": "prometheus",
        "uid": "PBFA97CFB590B2093"
      },
      "description": "Hit rate for the cache where the key is the byte representation of the block, and the value is the block's ID",
      "fieldConfig": {
        "defaults": {
          "color": {
            "mode": "palette-classic"
          },
          "custom": {
            "axisBorderShow": false,
            "axisCenteredZero": false,
            "axisColorMode": "text",
            "axisLabel": "",
            "axisPlacement": "auto",
            "axisSoftMin": 0,
            "barAlignment": 0,
            "drawStyle": "line",
            "fillOpacity": 0,
            "gradientMode": "none",
            "hideFrom": {
              "legend": false,
              "tooltip": false,
              "viz": false
            },
            "insertNulls": false,
            "lineInterpolation": "linear",
            "lineWidth": 1,
            "pointSize": 5,
            "scaleDistribution": {
              "type": "linear"
            },
            "showPoints": "auto",
            "spanNulls": false,
            "stacking": {
              "group": "A",
              "mode": "none"
            },
            "thresholdsStyle": {
              "mode": "off"
            }
          },
          "mappings": [],
          "thresholds": {
            "mode": "absolute",
            "steps": [
              {
                "color": "green",
                "value": null
              },
              {
                "color": "red",
                "value": 80
              }
            ]
          }
        },
        "overrides": []
      },
      "gridPos": {
        "h": 8,
        "w": 12,
        "x": 0,
        "y": 50
      },
      "id": 35,
      "options": {
        "legend": {
          "calcs": [],
          "displayMode": "list",
          "placement": "bottom",
          "showLegend": true
        },
        "tooltip": {
          "mode": "single",
          "sort": "none"
        }
      },
      "targets": [
        {
          "datasource": {
            "type": "prometheus"
          },
          "editorMode": "code",
          "exemplar": true,
          "expr": "increase(avalanche_C_vm_chain_state_bytes_to_id_cache_hit{instance=~\"$host\"}[5m])/(increase(avalanche_C_vm_chain_state_bytes_to_id_cache_hit{instance=~\"$host\"}[5m])+increase(avalanche_C_vm_chain_state_bytes_to_id_cache_miss{instance=~\"$host\"}[5m]))",
          "interval": "",
          "legendFormat": "Hit Rate",
          "range": true,
          "refId": "A"
        }
      ],
      "title": "Block ID Cache Hit Rate",
      "type": "timeseries"
    },
    {
      "datasource": {
        "type": "prometheus",
        "uid": "PBFA97CFB590B2093"
      },
      "description": "Hit rate for the decided block cache",
      "fieldConfig": {
        "defaults": {
          "color": {
            "mode": "palette-classic"
          },
          "custom": {
            "axisBorderShow": false,
            "axisCenteredZero": false,
            "axisColorMode": "text",
            "axisLabel": "",
            "axisPlacement": "auto",
            "axisSoftMin": 0,
            "barAlignment": 0,
            "drawStyle": "line",
            "fillOpacity": 0,
            "gradientMode": "none",
            "hideFrom": {
              "legend": false,
              "tooltip": false,
              "viz": false
            },
            "insertNulls": false,
            "lineInterpolation": "smooth",
            "lineWidth": 1,
            "pointSize": 5,
            "scaleDistribution": {
              "type": "linear"
            },
            "showPoints": "auto",
            "spanNulls": false,
            "stacking": {
              "group": "A",
              "mode": "none"
            },
            "thresholdsStyle": {
              "mode": "off"
            }
          },
          "mappings": [],
          "thresholds": {
            "mode": "absolute",
            "steps": [
              {
                "color": "green",
                "value": null
              },
              {
                "color": "red",
                "value": 80
              }
            ]
          }
        },
        "overrides": []
      },
      "gridPos": {
        "h": 8,
        "w": 12,
        "x": 12,
        "y": 50
      },
      "id": 36,
      "options": {
        "legend": {
          "calcs": [],
          "displayMode": "list",
          "placement": "bottom",
          "showLegend": true
        },
        "tooltip": {
          "mode": "single",
          "sort": "none"
        }
      },
      "targets": [
        {
          "datasource": {
            "type": "prometheus"
          },
          "editorMode": "code",
          "exemplar": true,
          "expr": "increase(avalanche_C_vm_chain_state_decided_cache_hit{instance=~\"$host\"}[5m])/(increase(avalanche_C_vm_chain_state_decided_cache_hit{instance=~\"$host\"}[5m])+increase(avalanche_C_vm_chain_state_decided_cache_miss{instance=~\"$host\"}[5m]))",
          "interval": "",
          "legendFormat": "Hit Rate",
          "range": true,
          "refId": "A"
        }
      ],
      "title": "Decided Cache Hit Rate",
      "type": "timeseries"
    },
    {
      "datasource": {
        "type": "prometheus",
        "uid": "PBFA97CFB590B2093"
      },
      "description": "Hit rate for the missing block cache",
      "fieldConfig": {
        "defaults": {
          "color": {
            "mode": "palette-classic"
          },
          "custom": {
            "axisBorderShow": false,
            "axisCenteredZero": false,
            "axisColorMode": "text",
            "axisLabel": "",
            "axisPlacement": "auto",
            "axisSoftMax": 1,
            "axisSoftMin": 0,
            "barAlignment": 0,
            "drawStyle": "line",
            "fillOpacity": 0,
            "gradientMode": "none",
            "hideFrom": {
              "legend": false,
              "tooltip": false,
              "viz": false
            },
            "insertNulls": false,
            "lineInterpolation": "smooth",
            "lineWidth": 1,
            "pointSize": 5,
            "scaleDistribution": {
              "type": "linear"
            },
            "showPoints": "auto",
            "spanNulls": false,
            "stacking": {
              "group": "A",
              "mode": "none"
            },
            "thresholdsStyle": {
              "mode": "off"
            }
          },
          "mappings": [],
          "thresholds": {
            "mode": "absolute",
            "steps": [
              {
                "color": "green",
                "value": null
              },
              {
                "color": "red",
                "value": 80
              }
            ]
          }
        },
        "overrides": []
      },
      "gridPos": {
        "h": 8,
        "w": 12,
        "x": 0,
        "y": 58
      },
      "id": 37,
      "options": {
        "legend": {
          "calcs": [],
          "displayMode": "list",
          "placement": "bottom",
          "showLegend": true
        },
        "tooltip": {
          "mode": "single",
          "sort": "none"
        }
      },
      "targets": [
        {
          "datasource": {
            "type": "prometheus"
          },
          "editorMode": "code",
          "exemplar": true,
          "expr": "increase(avalanche_C_vm_chain_state_missing_cache_hit{instance=~\"$host\"}[5m])/(increase(avalanche_C_vm_chain_state_missing_cache_hit{instance=~\"$host\"}[5m])+increase(avalanche_C_vm_chain_state_missing_cache_miss{instance=~\"$host\"}[5m]))",
          "interval": "",
          "legendFormat": "Hit Rate",
          "range": true,
          "refId": "A"
        }
      ],
      "title": "Missing Block Cache Hit Rate",
      "type": "timeseries"
    },
    {
      "datasource": {
        "type": "prometheus",
        "uid": "PBFA97CFB590B2093"
      },
      "description": "Hit rate for the unverified block cache",
      "fieldConfig": {
        "defaults": {
          "color": {
            "mode": "palette-classic"
          },
          "custom": {
            "axisBorderShow": false,
            "axisCenteredZero": false,
            "axisColorMode": "text",
            "axisLabel": "",
            "axisPlacement": "auto",
            "axisSoftMin": 0,
            "barAlignment": 0,
            "drawStyle": "line",
            "fillOpacity": 0,
            "gradientMode": "none",
            "hideFrom": {
              "legend": false,
              "tooltip": false,
              "viz": false
            },
            "insertNulls": false,
            "lineInterpolation": "smooth",
            "lineWidth": 1,
            "pointSize": 5,
            "scaleDistribution": {
              "type": "linear"
            },
            "showPoints": "auto",
            "spanNulls": false,
            "stacking": {
              "group": "A",
              "mode": "none"
            },
            "thresholdsStyle": {
              "mode": "off"
            }
          },
          "mappings": [],
          "thresholds": {
            "mode": "absolute",
            "steps": [
              {
                "color": "green",
                "value": null
              },
              {
                "color": "red",
                "value": 80
              }
            ]
          }
        },
        "overrides": []
      },
      "gridPos": {
        "h": 8,
        "w": 12,
        "x": 12,
        "y": 58
      },
      "id": 38,
      "options": {
        "legend": {
          "calcs": [],
          "displayMode": "list",
          "placement": "bottom",
          "showLegend": true
        },
        "tooltip": {
          "mode": "single",
          "sort": "none"
        }
      },
      "targets": [
        {
          "datasource": {
            "type": "prometheus"
          },
          "editorMode": "code",
          "exemplar": true,
          "expr": "increase(avalanche_C_vm_chain_state_unverified_cache_hit{instance=~\"$host\"}[5m])/(increase(avalanche_C_vm_chain_state_unverified_cache_hit{instance=~\"$host\"}[5m])+increase(avalanche_C_vm_chain_state_unverified_cache_miss{instance=~\"$host\"}[5m]))",
          "interval": "",
          "legendFormat": "Hit Rate",
          "range": true,
          "refId": "A"
        }
      ],
      "title": "Unverified Block Cache Hit Rate",
      "type": "timeseries"
    }
  ],
  "refresh": "10s",
  "schemaVersion": 38,
  "tags": [
    "Avalanche"
  ],
  "templating": {
    "list": [
      {
        "current": {
          "selected": false,
          "text": "184.73.245.13:9650",
          "value": "184.73.245.13:9650"
        },
        "datasource": {
          "type": "prometheus",
          "uid": "PBFA97CFB590B2093"
        },
        "definition": "label_values(instance)",
        "hide": 0,
        "includeAll": true,
        "multi": false,
        "name": "host",
        "options": [],
        "query": {
          "qryType": 1,
          "query": "label_values(instance)",
          "refId": "PrometheusVariableQueryEditor-VariableQuery"
        },
        "refresh": 1,
        "regex": "/9650/",
        "skipUrlSync": false,
        "sort": 0,
        "type": "query"
      }
    ]
  },
  "time": {
    "from": "now-6h",
    "to": "now"
  },
  "timepicker": {
    "refresh_intervals": [
      "5s",
      "10s",
      "30s",
      "1m",
      "5m",
      "15m",
      "30m",
      "1h",
      "2h",
      "1d"
    ]
  },
  "timezone": "",
  "title": "C-Chain",
  "uid": "Gl1I20mnk",
  "version": 20,
  "weekStart": ""
}