{
  "annotations": {
    "list": [
      {
        "$$hashKey": "object:75",
        "builtIn": 1,
        "datasource": {
          "type": "datasource",
          "uid": "grafana"
        },
        "enable": true,
        "hide": true,
        "iconColor": "rgba(0, 211, 255, 1)",
        "name": "Annotations & Alerts",
        "type": "dashboard"
      }
    ]
  },
  "description": "Log Viewer Dashboard for Loki",
  "editable": true,
  "fiscalYearStartMonth": 0,
  "gnetId": 13639,
  "graphTooltip": 0,
  "id": 6,
  "links": [],
  "panels": [
    {
      "datasource": {
        "type": "loki",
        "uid": "P8E80F9AEF21F6940"
      },
      "fieldConfig": {
        "defaults": {
          "color": {
            "mode": "continuous-GrYlRd"
          },
          "custom": {
            "fillOpacity": 70,
            "hideFrom": {
              "legend": false,
              "tooltip": false,
              "viz": false
            },
            "insertNulls": false,
            "lineWidth": 0,
            "spanNulls": false
          },
          "mappings": [],
          "thresholds": {
            "mode": "absolute",
            "steps": [
              {
                "color": "green",
                "value": null
              },
              {
                "color": "red",
                "value": 80
              }
            ]
          }
        },
        "overrides": []
      },
      "gridPos": {
        "h": 3,
        "w": 24,
        "x": 0,
        "y": 0
      },
      "id": 6,
      "options": {
        "alignValue": "left",
        "legend": {
          "displayMode": "list",
          "placement": "bottom",
          "showLegend": true
        },
        "mergeValues": true,
        "rowHeight": 0.9,
        "showValue": "auto",
        "tooltip": {
          "mode": "single",
          "sort": "none"
        }
      },
      "pluginVersion": "10.4.0",
      "targets": [
        {
          "datasource": {
            "type": "loki",
            "uid": "P8E80F9AEF21F6940"
          },
          "editorMode": "code",
          "expr": "sum by (job) (rate({job=~\"$app\",host=~\"$host\",nodeID=~\"$nodeID\"} |= \"$search\" [$__interval]))",
          "legendFormat": "",
          "queryType": "range",
          "refId": "A"
        }
      ],
      "type": "state-timeline"
    },
    {
      "datasource": {
        "type": "loki",
        "uid": "P8E80F9AEF21F6940"
      },
      "description": "",
      "gridPos": {
        "h": 25,
        "w": 24,
        "x": 0,
        "y": 3
      },
      "id": 2,
      "maxDataPoints": "",
      "options": {
        "dedupStrategy": "none",
        "enableLogDetails": true,
        "prettifyLogMessage": true,
        "showCommonLabels": false,
        "showLabels": false,
        "showTime": false,
        "sortOrder": "Descending",
        "wrapLogMessage": true
      },
      "targets": [
        {
          "datasource": {
            "type": "loki",
            "uid": "P8E80F9AEF21F6940"
          },
          "editorMode": "code",
          "expr": "{job=~\"$app\",host=~\"$host\",nodeID=~\"$nodeID\"} |= \"$search\" | decolorize | logfmt" ,
          "hide": false,
          "legendFormat": "",
          "queryType": "range",
          "refId": "A"
        }
      ],
      "transparent": true,
      "type": "logs"
    }
  ],
  "refresh": "5s",
  "schemaVersion": 39,
  "tags": [
    "Avalanche",
    "Logs"
  ],
  "templating": {
    "list": [
      {
        "allValue": ".+",
        "current": {
          "selected": true,
          "text": [
            "All"
          ],
          "value": [
            "$__all"
          ]
        },
        "datasource": {
          "type": "loki",
          "uid": "P8E80F9AEF21F6940"
        },
        "definition": "",
        "hide": 0,
        "includeAll": true,
        "label": "Host",
        "multi": true,
        "name": "host",
        "options": [],
        "query": {
          "label": "host",
          "refId": "LokiVariableQueryEditor-VariableQuery",
          "stream": "",
          "type": 1
        },
        "refresh": 2,
        "regex": "",
        "skipUrlSync": false,
        "sort": 0,
        "type": "query"
      },
      {
        "allValue": ".+",
        "current": {
          "selected": true,
          "text": [
            "All"
          ],
          "value": [
            "$__all"
          ]
        },
        "datasource": {
          "type": "loki",
          "uid": "P8E80F9AEF21F6940"
        },
        "definition": "",
        "hide": 0,
        "includeAll": true,
        "label": "NodeID",
        "multi": true,
        "name": "nodeID",
        "options": [],
        "query": {
          "label": "nodeID",
          "refId": "LokiVariableQueryEditor-VariableQuery",
          "stream": "",
          "type": 1
        },
        "refresh": 2,
        "regex": "",
        "skipUrlSync": false,
        "sort": 0,
        "type": "query"
      },
      {
        "allValue": ".+",
        "current": {
          "selected": true,
          "text": [
            "All"
          ],
          "value": [
            "$__all"
          ]
        },
        "datasource": {
          "type": "loki",
          "uid": "P8E80F9AEF21F6940"
        },
        "definition": "label_values(job)",
        "hide": 0,
        "includeAll": true,
        "label": "Label",
        "multi": true,
        "name": "app",
        "options": [],
        "query": "label_values(job)",
        "refresh": 2,
        "regex": "",
        "skipUrlSync": false,
        "sort": 0,
        "tagValuesQuery": "",
        "tagsQuery": "",
        "type": "query",
        "useTags": false
      },
      {
        "current": {
          "selected": false,
          "text": "",
          "value": ""
        },
        "hide": 0,
        "label": "String Match",
        "name": "search",
        "options": [
          {
            "selected": true,
            "text": "",
            "value": ""
          }
        ],
        "query": "",
        "skipUrlSync": false,
        "type": "textbox"
      }
    ]
  },
  "time": {
    "from": "now-1h",
    "to": "now"
  },
  "timepicker": {
    "hidden": false,
    "refresh_intervals": [
      "10s",
      "30s",
      "1m",
      "5m",
      "15m",
      "30m",
      "1h",
      "2h",
      "1d"
    ]
  },
  "timezone": "",
  "title": "Avalanche Logs",
  "uid": "avalanche-loki-logs",
  "version": 1,
  "weekStart": ""
}
