{
  "annotations": {
    "list": [
      {
        "builtIn": 1,
        "datasource": "-- Grafana --",
        "enable": true,
        "hide": true,
        "iconColor": "rgba(0, 211, 255, 1)",
        "name": "Annotations & Alerts",
        "target": {
          "limit": 100,
          "matchAny": false,
          "tags": [],
          "type": "dashboard"
        },
        "type": "dashboard"
      }
    ]
  },
  "editable": true,
  "fiscalYearStartMonth": 0,
  "graphTooltip": 0,
  "id": 8,
  "iteration": 1646940220385,
  "links": [
    {
      "icon": "external link",
      "tags": [
        "Avalanche"
      ],
      "type": "dashboards"
    }
  ],
  "liveNow": false,
  "panels": [
    {
      "fieldConfig": {
        "defaults": {
          "color": {
            "mode": "palette-classic"
          },
          "custom": {
            "axisLabel": "",
            "axisPlacement": "auto",
            "barAlignment": 0,
            "drawStyle": "bars",
            "fillOpacity": 100,
            "gradientMode": "none",
            "hideFrom": {
              "legend": false,
              "tooltip": false,
              "viz": false
            },
            "lineInterpolation": "linear",
            "lineWidth": 1,
            "pointSize": 5,
            "scaleDistribution": {
              "type": "linear"
            },
            "showPoints": "never",
            "spanNulls": true,
            "stacking": {
              "group": "A",
              "mode": "none"
            },
            "thresholdsStyle": {
              "mode": "off"
            }
          },
          "mappings": [],
          "thresholds": {
            "mode": "absolute",
            "steps": [
              {
                "color": "green",
                "value": null
              },
              {
                "color": "red",
                "value": 80
              }
            ]
          },
          "unit": "short"
        },
        "overrides": []
      },
      "gridPos": {
        "h": 8,
        "w": 12,
        "x": 0,
        "y": 0
      },
      "id": 15,
      "options": {
        "legend": {
          "calcs": [
            "mean",
            "lastNotNull",
            "max",
            "min"
          ],
          "displayMode": "list",
          "placement": "bottom"
        },
        "tooltip": {
          "mode": "single",
          "sort": "none"
        }
      },
      "pluginVersion": "8.0.4",
      "targets": [
        {
          "datasource": {
            "type": "prometheus"
          },
          "exemplar": true,
          "expr": "round(increase(avalanche_${subnet}_blks_accepted_count{job=\"avalanchego\"}[1m]))>0",
          "interval": "",
          "legendFormat": "Accepted",
          "refId": "A"
        }
      ],
      "title": "Accepted Blocks in Last Minute",
      "type": "timeseries"
    },
    {
      "datasource": {
        "type": "prometheus"
      },
      "fieldConfig": {
        "defaults": {
          "color": {
            "mode": "palette-classic"
          },
          "custom": {
            "axisLabel": "",
            "axisPlacement": "auto",
            "barAlignment": 0,
            "drawStyle": "bars",
            "fillOpacity": 100,
            "gradientMode": "none",
            "hideFrom": {
              "legend": false,
              "tooltip": false,
              "viz": false
            },
            "lineInterpolation": "linear",
            "lineWidth": 1,
            "pointSize": 5,
            "scaleDistribution": {
              "type": "linear"
            },
            "showPoints": "never",
            "spanNulls": true,
            "stacking": {
              "group": "A",
              "mode": "none"
            },
            "thresholdsStyle": {
              "mode": "off"
            }
          },
          "mappings": [],
          "min": 0,
          "noValue": "0",
          "thresholds": {
            "mode": "absolute",
            "steps": [
              {
                "color": "green",
                "value": null
              },
              {
                "color": "red",
                "value": 80
              }
            ]
          },
          "unit": "short"
        },
        "overrides": []
      },
      "gridPos": {
        "h": 8,
        "w": 12,
        "x": 12,
        "y": 0
      },
      "id": 20,
      "options": {
        "legend": {
          "calcs": [
            "mean",
            "lastNotNull",
            "max",
            "min"
          ],
          "displayMode": "list",
          "placement": "bottom"
        },
        "tooltip": {
          "mode": "single",
          "sort": "none"
        }
      },
      "pluginVersion": "8.0.4",
      "targets": [
        {
          "exemplar": true,
          "expr": "round(increase(avalanche_${subnet}_blks_rejected_count{job=\"avalanchego\"}[1m]))>0",
          "interval": "",
          "legendFormat": "Rejected",
          "refId": "A"
        }
      ],
      "title": "Rejected Blocks in Last Minute",
      "type": "timeseries"
    },
    {
      "datasource": {
        "type": "prometheus"
      },
      "description": "The average time between a block's issuance and acceptance by this node over the last 5 minutes.",
      "fieldConfig": {
        "defaults": {
          "color": {
            "mode": "palette-classic"
          },
          "custom": {
            "axisLabel": "",
            "axisPlacement": "auto",
            "barAlignment": 0,
            "drawStyle": "line",
            "fillOpacity": 0,
            "gradientMode": "none",
            "hideFrom": {
              "legend": false,
              "tooltip": false,
              "viz": false
            },
            "lineInterpolation": "smooth",
            "lineWidth": 1,
            "pointSize": 5,
            "scaleDistribution": {
              "type": "linear"
            },
            "showPoints": "never",
            "spanNulls": true,
            "stacking": {
              "group": "A",
              "mode": "none"
            },
            "thresholdsStyle": {
              "mode": "line+area"
            }
          },
          "mappings": [],
          "min": 0,
          "thresholds": {
            "mode": "absolute",
            "steps": [
              {
                "color": "transparent",
                "value": null
              }
            ]
          },
          "unit": "ns"
        },
        "overrides": []
      },
      "gridPos": {
        "h": 8,
        "w": 12,
        "x": 0,
        "y": 8
      },
      "id": 22,
      "options": {
        "legend": {
          "calcs": [
            "mean",
            "lastNotNull",
            "max",
            "min"
          ],
          "displayMode": "list",
          "placement": "bottom"
        },
        "tooltip": {
          "mode": "single",
          "sort": "none"
        }
      },
      "pluginVersion": "8.0.4",
      "targets": [
        {
          "expr": "rate(avalanche_${subnet}_blks_accepted_sum{job=\"avalanchego\"}[5m]) / rate(avalanche_${subnet}_blks_accepted_count{job=\"avalanchego\"}[5m])",
          "interval": "",
          "legendFormat": "Avg Acceptance Latency",
          "refId": "A"
        }
      ],
      "title": "Average Block Acceptance Latency",
      "type": "timeseries"
    },
    {
      "datasource": {
        "type": "prometheus"
      },
      "description": "The average time between a block's issuance and rejection by this node over the last 5 minutes.",
      "fieldConfig": {
        "defaults": {
          "color": {
            "mode": "palette-classic"
          },
          "custom": {
            "axisLabel": "",
            "axisPlacement": "auto",
            "barAlignment": 0,
            "drawStyle": "line",
            "fillOpacity": 0,
            "gradientMode": "none",
            "hideFrom": {
              "legend": false,
              "tooltip": false,
              "viz": false
            },
            "lineInterpolation": "smooth",
            "lineWidth": 1,
            "pointSize": 5,
            "scaleDistribution": {
              "type": "linear"
            },
            "showPoints": "never",
            "spanNulls": false,
            "stacking": {
              "group": "A",
              "mode": "none"
            },
            "thresholdsStyle": {
              "mode": "off"
            }
          },
          "mappings": [],
          "thresholds": {
            "mode": "absolute",
            "steps": [
              {
                "color": "green",
                "value": null
              },
              {
                "color": "red",
                "value": 80
              }
            ]
          },
          "unit": "ns"
        },
        "overrides": []
      },
      "gridPos": {
        "h": 8,
        "w": 12,
        "x": 12,
        "y": 8
      },
      "id": 23,
      "options": {
        "legend": {
          "calcs": [
            "mean",
            "lastNotNull",
            "max",
            "min"
          ],
          "displayMode": "list",
          "placement": "bottom"
        },
        "tooltip": {
          "mode": "single",
          "sort": "none"
        }
      },
      "pluginVersion": "8.0.4",
      "targets": [
        {
          "expr": "rate(avalanche_${subnet}_blks_rejected_sum{job=\"avalanchego\"}[5m]) / rate(avalanche_${subnet}_blks_rejected_count{job=\"avalanchego\"}[5m])",
          "interval": "",
          "legendFormat": "Avg Rejection Latency",
          "refId": "A"
        }
      ],
      "title": "Average Block Rejection Latency",
      "type": "timeseries"
    },
    {
      "fieldConfig": {
        "defaults": {
          "color": {
            "mode": "palette-classic"
          },
          "custom": {
            "axisLabel": "Transactions",
            "axisPlacement": "auto",
            "barAlignment": 0,
            "drawStyle": "bars",
            "fillOpacity": 100,
            "gradientMode": "none",
            "hideFrom": {
              "legend": false,
              "tooltip": false,
              "viz": false
            },
            "lineInterpolation": "linear",
            "lineWidth": 1,
            "pointSize": 5,
            "scaleDistribution": {
              "type": "linear"
            },
            "showPoints": "never",
            "spanNulls": false,
            "stacking": {
              "group": "A",
              "mode": "none"
            },
            "thresholdsStyle": {
              "mode": "line+area"
            }
          },
          "mappings": [],
          "noValue": "0",
          "thresholds": {
            "mode": "absolute",
            "steps": [
              {
                "color": "transparent",
                "value": null
              }
            ]
          },
          "unit": "short"
        },
        "overrides": []
      },
      "gridPos": {
        "h": 8,
        "w": 12,
        "x": 0,
        "y": 16
      },
      "id": 9,
      "options": {
        "legend": {
          "calcs": [
            "mean",
            "lastNotNull",
            "max"
          ],
          "displayMode": "list",
          "placement": "bottom"
        },
        "tooltip": {
          "mode": "single",
          "sort": "none"
        }
      },
      "pluginVersion": "8.0.4",
      "targets": [
        {
          "datasource": {
            "type": "prometheus"
          },
          "exemplar": true,
          "expr": "avalanche_${subnet}_blks_processing{job=\"avalanchego\"}>0",
          "interval": "",
          "legendFormat": "Transactions",
          "refId": "A"
        }
      ],
      "title": "Processing Blocks",
      "type": "timeseries"
    },
    {
      "datasource": {
        "type": "prometheus"
      },
      "fieldConfig": {
        "defaults": {
          "color": {
            "mode": "palette-classic"
          },
          "custom": {
            "axisLabel": "Incomplete Polls",
            "axisPlacement": "auto",
            "barAlignment": 0,
            "drawStyle": "bars",
            "fillOpacity": 100,
            "gradientMode": "none",
            "hideFrom": {
              "legend": false,
              "tooltip": false,
              "viz": false
            },
            "lineInterpolation": "linear",
            "lineWidth": 1,
            "pointSize": 5,
            "scaleDistribution": {
              "type": "linear"
            },
            "showPoints": "never",
            "spanNulls": false,
            "stacking": {
              "group": "A",
              "mode": "none"
            },
            "thresholdsStyle": {
              "mode": "line+area"
            }
          },
          "mappings": [],
          "thresholds": {
            "mode": "absolute",
            "steps": [
              {
                "color": "transparent",
                "value": null
              }
            ]
          },
          "unit": "short"
        },
        "overrides": []
      },
      "gridPos": {
        "h": 8,
        "w": 12,
        "x": 12,
        "y": 16
      },
      "id": 39,
      "options": {
        "legend": {
          "calcs": [
            "mean",
            "lastNotNull",
            "max"
          ],
          "displayMode": "list",
          "placement": "bottom"
        },
        "tooltip": {
          "mode": "single",
          "sort": "none"
        }
      },
      "pluginVersion": "8.0.4",
      "targets": [
        {
          "exemplar": true,
          "expr": "avalanche_${subnet}_polls > 0",
          "interval": "",
          "legendFormat": "",
          "refId": "A"
        }
      ],
      "title": "Incomplete Polls",
      "type": "timeseries"
    },
    {
      "datasource": {
        "type": "prometheus"
      },
      "description": "Measures how much of each second is being spent handling different kinds of messages on the C-Chain.\nThe value for chits, for example, is the number of seconds spent handling chits messages per second, over the last 30 seconds.",
      "fieldConfig": {
        "defaults": {
          "color": {
            "mode": "palette-classic"
          },
          "custom": {
            "axisLabel": "",
            "axisPlacement": "auto",
            "barAlignment": 0,
            "drawStyle": "line",
            "fillOpacity": 0,
            "gradientMode": "none",
            "hideFrom": {
              "legend": false,
              "tooltip": false,
              "viz": false
            },
            "lineInterpolation": "smooth",
            "lineWidth": 1,
            "pointSize": 5,
            "scaleDistribution": {
              "type": "linear"
            },
            "showPoints": "never",
            "spanNulls": true,
            "stacking": {
              "group": "A",
              "mode": "none"
            },
            "thresholdsStyle": {
              "mode": "off"
            }
          },
          "mappings": [],
          "thresholds": {
            "mode": "absolute",
            "steps": [
              {
                "color": "green",
                "value": null
              },
              {
                "color": "red",
                "value": 80
              }
            ]
          },
          "unit": "ns"
        },
        "overrides": []
      },
      "gridPos": {
        "h": 9,
        "w": 12,
        "x": 0,
        "y": 24
      },
      "id": 5,
      "options": {
        "legend": {
          "calcs": [
            "mean",
            "max"
          ],
          "displayMode": "table",
          "placement": "right"
        },
        "tooltip": {
          "mode": "single",
          "sort": "none"
        }
      },
      "pluginVersion": "8.0.4",
      "targets": [
        {
          "exemplar": true,
          "expr": "rate(avalanche_${subnet}_handler_pull_query_sum{job=\"avalanchego\"}[5m])",
          "interval": "",
          "legendFormat": "pull query",
          "refId": "A"
        },
        {
          "exemplar": true,
          "expr": "rate(avalanche_${subnet}_handler_push_query_sum{job=\"avalanchego\"}[5m])",
          "interval": "",
          "legendFormat": "push query",
          "refId": "B"
        },
        {
          "exemplar": true,
          "expr": "rate(avalanche_${subnet}_handler_chits_sum{job=\"avalanchego\"}[5m])",
          "interval": "",
          "legendFormat": "chits",
          "refId": "C"
        },
        {
          "exemplar": true,
          "expr": "rate(avalanche_${subnet}_handler_accepted_sum{job=\"avalanchego\"}[5m])",
          "interval": "",
          "legendFormat": "accepted",
          "refId": "D"
        },
        {
          "exemplar": true,
          "expr": "rate(avalanche_${subnet}_handler_get_sum{job=\"avalanchego\"}[5m])",
          "interval": "",
          "legendFormat": "get",
          "refId": "E"
        },
        {
          "exemplar": true,
          "expr": "rate(avalanche_${subnet}_handler_put_sum{job=\"avalanchego\"}[5m])",
          "interval": "",
          "legendFormat": "put",
          "refId": "F"
        },
        {
          "exemplar": true,
          "expr": "rate(avalanche_${subnet}_handler_multiput_sum{job=\"avalanchego\"}[5m])",
          "interval": "",
          "legendFormat": "multiput",
          "refId": "G"
        },
        {
          "exemplar": true,
          "expr": "rate(avalanche_${subnet}_handler_get_ancestors_sum{job=\"avalanchego\"}[5m])",
          "interval": "",
          "legendFormat": "get ancestors",
          "refId": "H"
        },
        {
          "exemplar": true,
          "expr": "rate(avalanche_${subnet}_handler_get_failed_sum{job=\"avalanchego\"}[5m])",
          "interval": "",
          "legendFormat": "get failed",
          "refId": "I"
        },
        {
          "exemplar": true,
          "expr": "rate(avalanche_${subnet}_handler_query_failed_sum{job=\"avalanchego\"}[5m])",
          "interval": "",
          "legendFormat": "query failed",
          "refId": "J"
        },
        {
          "exemplar": true,
          "expr": "rate(avalanche_${subnet}_handler_get_accepted_sum{job=\"avalanchego\"}[5m])",
          "interval": "",
          "legendFormat": "get accepted",
          "refId": "K"
        },
        {
          "exemplar": true,
          "expr": "rate(avalanche_${subnet}_handler_get_ancestors_failed_sum{job=\"avalanchego\"}[5m])",
          "interval": "",
          "legendFormat": "get ancestors failed",
          "refId": "L"
        },
        {
          "exemplar": true,
          "expr": "rate(avalanche_${subnet}_handler_app_request_sum{job=\"avalanchego\"}[5m])",
          "hide": false,
          "interval": "",
          "legendFormat": "app request",
          "refId": "M"
        },
        {
          "exemplar": true,
          "expr": "rate(avalanche_${subnet}_handler_app_request_failed_sum{job=\"avalanchego\"}[5m])",
          "hide": false,
          "interval": "",
          "legendFormat": "app request failed",
          "refId": "N"
        },
        {
          "exemplar": true,
          "expr": "rate(avalanche_${subnet}_handler_app_response_sum{job=\"avalanchego\"}[5m])",
          "hide": false,
          "interval": "",
          "legendFormat": "app response",
          "refId": "O"
        },
        {
          "exemplar": true,
          "expr": "rate(avalanche_${subnet}_handler_app_gossip_sum{job=\"avalanchego\"}[5m])",
          "hide": false,
          "interval": "",
          "legendFormat": "app gossip",
          "refId": "P"
        }
      ],
      "title": "Message Handling Time (Total)",
      "type": "timeseries"
    },
    {
      "datasource": {
        "type": "prometheus"
      },
      "description": "Percentage of queries for which we receive chits on time.",
      "fieldConfig": {
        "defaults": {
          "color": {
            "mode": "palette-classic"
          },
          "custom": {
            "axisLabel": "",
            "axisPlacement": "auto",
            "axisSoftMin": 0,
            "barAlignment": 0,
            "drawStyle": "line",
            "fillOpacity": 0,
            "gradientMode": "none",
            "hideFrom": {
              "legend": false,
              "tooltip": false,
              "viz": false
            },
            "lineInterpolation": "smooth",
            "lineWidth": 1,
            "pointSize": 5,
            "scaleDistribution": {
              "type": "linear"
            },
            "showPoints": "never",
            "spanNulls": true,
            "stacking": {
              "group": "A",
              "mode": "none"
            },
            "thresholdsStyle": {
              "mode": "line+area"
            }
          },
          "mappings": [],
          "min": 0,
          "thresholds": {
            "mode": "absolute",
            "steps": [
              {
                "color": "red",
                "value": null
              },
              {
                "color": "transparent",
                "value": 0.8
              }
            ]
          },
          "unit": "short"
        },
        "overrides": []
      },
      "gridPos": {
        "h": 8,
        "w": 12,
        "x": 12,
        "y": 24
      },
      "id": 11,
      "options": {
        "legend": {
          "calcs": [
            "mean",
            "lastNotNull",
            "max",
            "min"
          ],
          "displayMode": "list",
          "placement": "bottom"
        },
        "tooltip": {
          "mode": "single",
          "sort": "none"
        }
      },
      "pluginVersion": "8.0.4",
      "targets": [
        {
          "exemplar": true,
          "expr": "(increase(avalanche_${subnet}_handler_chits_count{job=\"avalanchego\"}[5m]) + 1) / (increase(avalanche_${subnet}_handler_chits_count{job=\"avalanchego\"}[5m]) + increase(avalanche_${subnet}_handler_query_failed_count{job=\"avalanchego\"}[5m]) + 1)",
          "instant": false,
          "interval": "",
          "legendFormat": "% Successful",
          "refId": "A"
        }
      ],
      "title": "Percentage of Successful Queries",
      "type": "timeseries"
    },
    {
      "datasource": {
        "type": "prometheus"
      },
      "description": "Measures how long each kind of request on the C-Chain takes to handle.\nThe value for chits, for example, is how long, in seconds, it takes to handle a chits message.",
      "fieldConfig": {
        "defaults": {
          "color": {
            "mode": "palette-classic"
          },
          "custom": {
            "axisLabel": "",
            "axisPlacement": "auto",
            "barAlignment": 0,
            "drawStyle": "line",
            "fillOpacity": 0,
            "gradientMode": "none",
            "hideFrom": {
              "legend": false,
              "tooltip": false,
              "viz": false
            },
            "lineInterpolation": "smooth",
            "lineWidth": 1,
            "pointSize": 5,
            "scaleDistribution": {
              "type": "linear"
            },
            "showPoints": "never",
            "spanNulls": true,
            "stacking": {
              "group": "A",
              "mode": "none"
            },
            "thresholdsStyle": {
              "mode": "off"
            }
          },
          "mappings": [],
          "thresholds": {
            "mode": "absolute",
            "steps": [
              {
                "color": "green",
                "value": null
              },
              {
                "color": "red",
                "value": 80
              }
            ]
          },
          "unit": "ns"
        },
        "overrides": []
      },
      "gridPos": {
        "h": 9,
        "w": 12,
        "x": 12,
        "y": 32
      },
      "id": 7,
      "options": {
        "legend": {
          "calcs": [
            "mean",
            "max"
          ],
          "displayMode": "table",
          "placement": "right"
        },
        "tooltip": {
          "mode": "single",
          "sort": "none"
        }
      },
      "pluginVersion": "8.0.4",
      "targets": [
        {
          "exemplar": true,
          "expr": "rate(avalanche_${subnet}_handler_pull_query_sum{job=\"avalanchego\"}[5m])/rate(avalanche_${subnet}_handler_pull_query_count{job=\"avalanchego\"}[5m])",
          "interval": "",
          "legendFormat": "pull query",
          "refId": "A"
        },
        {
          "exemplar": true,
          "expr": "rate(avalanche_${subnet}_handler_push_query_sum{job=\"avalanchego\"}[5m])/rate(avalanche_${subnet}_handler_push_query_count{job=\"avalanchego\"}[5m])",
          "interval": "",
          "legendFormat": "push query",
          "refId": "B"
        },
        {
          "exemplar": true,
          "expr": "rate(avalanche_${subnet}_handler_chits_sum{job=\"avalanchego\"}[5m])/rate(avalanche_${subnet}_handler_chits_count{job=\"avalanchego\"}[5m])",
          "interval": "",
          "legendFormat": "chits",
          "refId": "C"
        },
        {
          "exemplar": true,
          "expr": "rate(avalanche_${subnet}_handler_accepted_sum{job=\"avalanchego\"}[5m])/rate(avalanche_${subnet}_handler_accepted_count{job=\"avalanchego\"}[5m])",
          "interval": "",
          "legendFormat": "accepted",
          "refId": "D"
        },
        {
          "exemplar": true,
          "expr": "rate(avalanche_${subnet}_handler_get_sum{job=\"avalanchego\"}[5m])/rate(avalanche_${subnet}_handler_get_count{job=\"avalanchego\"}[5m])",
          "interval": "",
          "legendFormat": "get",
          "refId": "E"
        },
        {
          "exemplar": true,
          "expr": "rate(avalanche_${subnet}_handler_put_sum{job=\"avalanchego\"}[5m])/rate(avalanche_${subnet}_handler_put_count{job=\"avalanchego\"}[5m])",
          "interval": "",
          "legendFormat": "put",
          "refId": "F"
        },
        {
          "exemplar": true,
          "expr": "rate(avalanche_${subnet}_handler_multiput_sum{job=\"avalanchego\"}[5m])/rate(avalanche_${subnet}_handler_multi_put_count{job=\"avalanchego\"}[5m])",
          "interval": "",
          "legendFormat": "multiput",
          "refId": "G"
        },
        {
          "exemplar": true,
          "expr": "rate(avalanche_${subnet}_handler_get_ancestors_sum{job=\"avalanchego\"}[5m])/rate(avalanche_${subnet}_handler_get_ancestors_count{job=\"avalanchego\"}[5m])",
          "interval": "",
          "legendFormat": "get ancestors",
          "refId": "H"
        },
        {
          "exemplar": true,
          "expr": "rate(avalanche_${subnet}_handler_get_failed_sum{job=\"avalanchego\"}[5m])/rate(avalanche_${subnet}_handler_get_failed_count{job=\"avalanchego\"}[5m])",
          "interval": "",
          "legendFormat": "get failed",
          "refId": "I"
        },
        {
          "exemplar": true,
          "expr": "rate(avalanche_${subnet}_handler_query_failed_sum{job=\"avalanchego\"}[5m])/rate(avalanche_${subnet}_handler_query_failed_count{job=\"avalanchego\"}[5m])",
          "interval": "",
          "legendFormat": "query failed",
          "refId": "J"
        },
        {
          "exemplar": true,
          "expr": "rate(avalanche_${subnet}_handler_get_accepted_sum{job=\"avalanchego\"}[5m])/rate(avalanche_${subnet}_handler_get_accepted_count{job=\"avalanchego\"}[5m])",
          "interval": "",
          "legendFormat": "get accepted",
          "refId": "K"
        },
        {
          "exemplar": true,
          "expr": "rate(avalanche_${subnet}_handler_get_ancestors_failed_sum{job=\"avalanchego\"}[5m])/rate(avalanche_${subnet}_handler_get_ancestors_failed_count{job=\"avalanchego\"}[5m])",
          "interval": "",
          "legendFormat": "get ancestors failed",
          "refId": "L"
        },
        {
          "exemplar": true,
          "expr": "rate(avalanche_${subnet}_handler_app_request_sum{job=\"avalanchego\"}[5m])/rate(avalanche_${subnet}_handler_app_request_count{job=\"avalanchego\"}[5m])",
          "hide": false,
          "interval": "",
          "legendFormat": "app request",
          "refId": "M"
        },
        {
          "exemplar": true,
          "expr": "rate(avalanche_${subnet}_handler_app_request_failed_sum{job=\"avalanchego\"}[5m])/rate(avalanche_${subnet}_handler_app_request_failed_count{job=\"avalanchego\"}[5m])",
          "hide": false,
          "interval": "",
          "legendFormat": "app request failed",
          "refId": "N"
        },
        {
          "exemplar": true,
          "expr": "rate(avalanche_${subnet}_handler_app_response_sum{job=\"avalanchego\"}[5m])/rate(avalanche_${subnet}_handler_app_response_count{job=\"avalanchego\"}[5m])",
          "hide": false,
          "interval": "",
          "legendFormat": "app response",
          "refId": "O"
        },
        {
          "exemplar": true,
          "expr": "rate(avalanche_${subnet}_handler_app_gossip_sum{job=\"avalanchego\"}[5m])/rate(avalanche_${subnet}_handler_app_gossip_count{job=\"avalanchego\"}[5m])",
          "hide": false,
          "interval": "",
          "legendFormat": "app gossip",
          "refId": "P"
        }
      ],
      "title": "Message Handling Time (per Message)",
      "type": "timeseries"
    },
    {
      "datasource": {
        "type": "prometheus"
      },
      "description": "The total stake of validators currently \"benched\" due to poor query responsiveness. Queries to these validators will immediately timeout until they are removed from the \"bench.\"",
      "fieldConfig": {
        "defaults": {
          "color": {
            "mode": "palette-classic"
          },
          "custom": {
            "axisLabel": "",
            "axisPlacement": "auto",
            "barAlignment": 0,
            "drawStyle": "line",
            "fillOpacity": 0,
            "gradientMode": "none",
            "hideFrom": {
              "legend": false,
              "tooltip": false,
              "viz": false
            },
            "lineInterpolation": "smooth",
            "lineWidth": 1,
            "pointSize": 5,
            "scaleDistribution": {
              "type": "linear"
            },
            "showPoints": "never",
            "spanNulls": true,
            "stacking": {
              "group": "A",
              "mode": "none"
            },
            "thresholdsStyle": {
              "mode": "off"
            }
          },
          "mappings": [],
          "min": 0,
          "thresholds": {
            "mode": "absolute",
            "steps": [
              {
                "color": "green",
                "value": null
              },
              {
                "color": "red",
                "value": 80
              }
            ]
          },
          "unit": "short"
        },
        "overrides": []
      },
      "gridPos": {
        "h": 9,
        "w": 12,
        "x": 0,
        "y": 33
      },
      "id": 25,
      "options": {
        "legend": {
          "calcs": [
            "mean",
            "lastNotNull",
            "max"
          ],
          "displayMode": "list",
          "placement": "bottom"
        },
        "tooltip": {
          "mode": "single",
          "sort": "none"
        }
      },
      "pluginVersion": "8.0.4",
      "targets": [
        {
          "exemplar": true,
          "expr": "avg_over_time(avalanche_${subnet}_benchlist_benched_weight{job=\"avalanchego\"}[15m]) / 10^9",
          "interval": "",
          "legendFormat": "AVAX Benched",
          "refId": "A"
        }
      ],
      "title": "Subnet weight benched",
      "type": "timeseries"
    },
    {
      "datasource": {
        "type": "prometheus"
      },
      "description": "Measures how many of each kind of message are received per second on the C-Chain.",
      "fieldConfig": {
        "defaults": {
          "color": {
            "mode": "palette-classic"
          },
          "custom": {
            "axisLabel": "Messages / Second",
            "axisPlacement": "auto",
            "barAlignment": 0,
            "drawStyle": "line",
            "fillOpacity": 0,
            "gradientMode": "none",
            "hideFrom": {
              "legend": false,
              "tooltip": false,
              "viz": false
            },
            "lineInterpolation": "smooth",
            "lineWidth": 1,
            "pointSize": 5,
            "scaleDistribution": {
              "type": "linear"
            },
            "showPoints": "never",
            "spanNulls": true,
            "stacking": {
              "group": "A",
              "mode": "none"
            },
            "thresholdsStyle": {
              "mode": "off"
            }
          },
          "mappings": [],
          "thresholds": {
            "mode": "absolute",
            "steps": [
              {
                "color": "green",
                "value": null
              },
              {
                "color": "red",
                "value": 80
              }
            ]
          },
          "unit": "short"
        },
        "overrides": []
      },
      "gridPos": {
        "h": 9,
        "w": 12,
        "x": 12,
        "y": 41
      },
      "id": 6,
      "options": {
        "legend": {
          "calcs": [
            "mean",
            "max"
          ],
          "displayMode": "table",
          "placement": "right"
        },
        "tooltip": {
          "mode": "single",
          "sort": "none"
        }
      },
      "pluginVersion": "8.0.4",
      "targets": [
        {
          "exemplar": true,
          "expr": "rate(avalanche_${subnet}_handler_pull_query_count{job=\"avalanchego\"}[5m])",
          "interval": "",
          "legendFormat": "pull query",
          "refId": "A"
        },
        {
          "exemplar": true,
          "expr": "rate(avalanche_${subnet}_handler_push_query_count{job=\"avalanchego\"}[5m])",
          "interval": "",
          "legendFormat": "push query",
          "refId": "B"
        },
        {
          "exemplar": true,
          "expr": "rate(avalanche_${subnet}_handler_chits_count{job=\"avalanchego\"}[5m])",
          "interval": "",
          "legendFormat": "chits",
          "refId": "C"
        },
        {
          "exemplar": true,
          "expr": "rate(avalanche_${subnet}_handler_accepted_count{job=\"avalanchego\"}[5m])",
          "interval": "",
          "legendFormat": "accepted",
          "refId": "D"
        },
        {
          "exemplar": true,
          "expr": "rate(avalanche_${subnet}_handler_get_count{job=\"avalanchego\"}[5m])",
          "interval": "",
          "legendFormat": "get",
          "refId": "E"
        },
        {
          "exemplar": true,
          "expr": "rate(avalanche_${subnet}_handler_put_count{job=\"avalanchego\"}[5m])",
          "interval": "",
          "legendFormat": "put",
          "refId": "F"
        },
        {
          "exemplar": true,
          "expr": "rate(avalanche_${subnet}_handler_multi_put_count{job=\"avalanchego\"}[5m])",
          "interval": "",
          "legendFormat": "multiput",
          "refId": "G"
        },
        {
          "exemplar": true,
          "expr": "rate(avalanche_${subnet}_handler_get_ancestors_count{job=\"avalanchego\"}[5m])",
          "interval": "",
          "legendFormat": "get ancestors",
          "refId": "H"
        },
        {
          "exemplar": true,
          "expr": "rate(avalanche_${subnet}_handler_get_failed_count{job=\"avalanchego\"}[5m])",
          "interval": "",
          "legendFormat": "get failed",
          "refId": "I"
        },
        {
          "exemplar": true,
          "expr": "rate(avalanche_${subnet}_handler_query_failed_count{job=\"avalanchego\"}[5m])",
          "interval": "",
          "legendFormat": "query failed",
          "refId": "J"
        },
        {
          "exemplar": true,
          "expr": "rate(avalanche_${subnet}_handler_get_accepted_count{job=\"avalanchego\"}[5m])",
          "interval": "",
          "legendFormat": "get accepted",
          "refId": "K"
        },
        {
          "exemplar": true,
          "expr": "rate(avalanche_${subnet}_handler_get_ancestors_failed_count{job=\"avalanchego\"}[5m])",
          "interval": "",
          "legendFormat": "get ancestors failed",
          "refId": "L"
        },
        {
          "exemplar": true,
          "expr": "rate(avalanche_${subnet}_handler_app_request_count{job=\"avalanchego\"}[5m])",
          "hide": false,
          "interval": "",
          "legendFormat": "app request",
          "refId": "M"
        },
        {
          "exemplar": true,
          "expr": "rate(avalanche_${subnet}_handler_app_request_failed_count{job=\"avalanchego\"}[5m])",
          "hide": false,
          "interval": "",
          "legendFormat": "app request failed",
          "refId": "N"
        },
        {
          "exemplar": true,
          "expr": "rate(avalanche_${subnet}_handler_app_response_count{job=\"avalanchego\"}[5m])",
          "hide": false,
          "interval": "",
          "legendFormat": "app response",
          "refId": "O"
        },
        {
          "exemplar": true,
          "expr": "rate(avalanche_${subnet}_handler_app_gossip_count{job=\"avalanchego\"}[5m])",
          "hide": false,
          "interval": "",
          "legendFormat": "app gossip",
          "refId": "P"
        }
      ],
      "title": "Messages Received per Second",
      "type": "timeseries"
    },
    {
      "description": "Hit rate for the cache where the key is the byte representation of the block, and the value is the block's ID",
      "fieldConfig": {
        "defaults": {
          "color": {
            "mode": "palette-classic"
          },
          "custom": {
            "axisLabel": "",
            "axisPlacement": "auto",
            "axisSoftMin": 0,
            "barAlignment": 0,
            "drawStyle": "line",
            "fillOpacity": 0,
            "gradientMode": "none",
            "hideFrom": {
              "legend": false,
              "tooltip": false,
              "viz": false
            },
            "lineInterpolation": "linear",
            "lineWidth": 1,
            "pointSize": 5,
            "scaleDistribution": {
              "type": "linear"
            },
            "showPoints": "auto",
            "spanNulls": false,
            "stacking": {
              "group": "A",
              "mode": "none"
            },
            "thresholdsStyle": {
              "mode": "off"
            }
          },
          "mappings": [],
          "thresholds": {
            "mode": "absolute",
            "steps": [
              {
                "color": "green",
                "value": null
              },
              {
                "color": "red",
                "value": 80
              }
            ]
          }
        },
        "overrides": []
      },
      "gridPos": {
        "h": 8,
        "w": 12,
        "x": 0,
        "y": 42
      },
      "id": 35,
      "options": {
        "legend": {
          "calcs": [],
          "displayMode": "list",
          "placement": "bottom"
        },
        "tooltip": {
          "mode": "single",
          "sort": "none"
        }
      },
      "targets": [
        {
          "exemplar": true,
          "expr": "increase(avalanche_${subnet}_vm_rpcchainvm_bytes_to_id_cache_hit[5m])/(increase(avalanche_${subnet}_vm_rpcchainvm_bytes_to_id_cache_hit[5m])+increase(avalanche_${subnet}_vm_rpcchainvm_bytes_to_id_cache_miss[5m]))",
          "interval": "",
          "legendFormat": "Hit Rate",
          "refId": "A"
        }
      ],
      "title": "Block ID Cache Hit Rate",
      "type": "timeseries"
    },
    {
      "description": "Hit rate for the missing block cache",
      "fieldConfig": {
        "defaults": {
          "color": {
            "mode": "palette-classic"
          },
          "custom": {
            "axisLabel": "",
            "axisPlacement": "auto",
            "axisSoftMax": 1,
            "axisSoftMin": 0,
            "barAlignment": 0,
            "drawStyle": "line",
            "fillOpacity": 0,
            "gradientMode": "none",
            "hideFrom": {
              "legend": false,
              "tooltip": false,
              "viz": false
            },
            "lineInterpolation": "smooth",
            "lineWidth": 1,
            "pointSize": 5,
            "scaleDistribution": {
              "type": "linear"
            },
            "showPoints": "auto",
            "spanNulls": false,
            "stacking": {
              "group": "A",
              "mode": "none"
            },
            "thresholdsStyle": {
              "mode": "off"
            }
          },
          "mappings": [],
          "thresholds": {
            "mode": "absolute",
            "steps": [
              {
                "color": "green",
                "value": null
              },
              {
                "color": "red",
                "value": 80
              }
            ]
          }
        },
        "overrides": []
      },
      "gridPos": {
        "h": 8,
        "w": 12,
        "x": 0,
        "y": 50
      },
      "id": 37,
      "options": {
        "legend": {
          "calcs": [],
          "displayMode": "list",
          "placement": "bottom"
        },
        "tooltip": {
          "mode": "single",
          "sort": "none"
        }
      },
      "targets": [
        {
          "exemplar": true,
          "expr": "increase(avalanche_${subnet}_vm_rpcchainvm_missing_cache_hit[5m])/(increase(avalanche_${subnet}_vm_rpcchainvm_missing_cache_hit[5m])+increase(avalanche_${subnet}_vm_rpcchainvm_missing_cache_miss[5m]))",
          "interval": "",
          "legendFormat": "Hit Rate",
          "refId": "A"
        }
      ],
      "title": "Missing Block Cache Hit Rate",
      "type": "timeseries"
    },
    {
      "description": "Hit rate for the decided block cache",
      "fieldConfig": {
        "defaults": {
          "color": {
            "mode": "palette-classic"
          },
          "custom": {
            "axisLabel": "",
            "axisPlacement": "auto",
            "axisSoftMin": 0,
            "barAlignment": 0,
            "drawStyle": "line",
            "fillOpacity": 0,
            "gradientMode": "none",
            "hideFrom": {
              "legend": false,
              "tooltip": false,
              "viz": false
            },
            "lineInterpolation": "smooth",
            "lineWidth": 1,
            "pointSize": 5,
            "scaleDistribution": {
              "type": "linear"
            },
            "showPoints": "auto",
            "spanNulls": false,
            "stacking": {
              "group": "A",
              "mode": "none"
            },
            "thresholdsStyle": {
              "mode": "off"
            }
          },
          "mappings": [],
          "thresholds": {
            "mode": "absolute",
            "steps": [
              {
                "color": "green",
                "value": null
              },
              {
                "color": "red",
                "value": 80
              }
            ]
          }
        },
        "overrides": []
      },
      "gridPos": {
        "h": 8,
        "w": 12,
        "x": 12,
        "y": 50
      },
      "id": 36,
      "options": {
        "legend": {
          "calcs": [],
          "displayMode": "list",
          "placement": "bottom"
        },
        "tooltip": {
          "mode": "single",
          "sort": "none"
        }
      },
      "targets": [
        {
          "exemplar": true,
          "expr": "increase(avalanche_${subnet}_vm_rpcchainvm_decided_cache_hit[5m])/(increase(avalanche_${subnet}_vm_rpcchainvm_decided_cache_hit[5m])+increase(avalanche_${subnet}_vm_rpcchainvm_decided_cache_miss[5m]))",
          "interval": "",
          "legendFormat": "Hit Rate",
          "refId": "A"
        }
      ],
      "title": "Decided Cache Hit Rate",
      "type": "timeseries"
    },
    {
      "description": "Hit rate for the unverified block cache",
      "fieldConfig": {
        "defaults": {
          "color": {
            "mode": "palette-classic"
          },
          "custom": {
            "axisLabel": "",
            "axisPlacement": "auto",
            "axisSoftMin": 0,
            "barAlignment": 0,
            "drawStyle": "line",
            "fillOpacity": 0,
            "gradientMode": "none",
            "hideFrom": {
              "legend": false,
              "tooltip": false,
              "viz": false
            },
            "lineInterpolation": "smooth",
            "lineWidth": 1,
            "pointSize": 5,
            "scaleDistribution": {
              "type": "linear"
            },
            "showPoints": "auto",
            "spanNulls": false,
            "stacking": {
              "group": "A",
              "mode": "none"
            },
            "thresholdsStyle": {
              "mode": "off"
            }
          },
          "mappings": [],
          "thresholds": {
            "mode": "absolute",
            "steps": [
              {
                "color": "green",
                "value": null
              },
              {
                "color": "red",
                "value": 80
              }
            ]
          }
        },
        "overrides": []
      },
      "gridPos": {
        "h": 8,
        "w": 12,
        "x": 0,
        "y": 58
      },
      "id": 38,
      "options": {
        "legend": {
          "calcs": [],
          "displayMode": "list",
          "placement": "bottom"
        },
        "tooltip": {
          "mode": "single",
          "sort": "none"
        }
      },
      "targets": [
        {
          "exemplar": true,
          "expr": "increase(avalanche_${subnet}_vm_rpcchainvm_unverified_cache_hit[5m])/(increase(avalanche_${subnet}_vm_rpcchainvm_unverified_cache_hit[5m])+increase(avalanche_${subnet}_vm_rpcchainvm_unverified_cache_miss[5m]))",
          "interval": "",
          "legendFormat": "Hit Rate",
          "refId": "A"
        }
      ],
      "title": "Unverified Block Cache Hit Rate",
      "type": "timeseries"
    },
    {
      "datasource": {
        "type": "prometheus"
      },
      "fieldConfig": {
        "defaults": {
          "color": {
            "mode": "palette-classic"
          },
          "custom": {
            "axisLabel": "",
            "axisPlacement": "auto",
            "barAlignment": 0,
            "drawStyle": "bars",
            "fillOpacity": 0,
            "gradientMode": "none",
            "hideFrom": {
              "legend": false,
              "tooltip": false,
              "viz": false
            },
            "lineInterpolation": "linear",
            "lineWidth": 1,
            "pointSize": 5,
            "scaleDistribution": {
              "type": "linear"
            },
            "showPoints": "never",
            "spanNulls": true,
            "stacking": {
              "group": "A",
              "mode": "none"
            },
            "thresholdsStyle": {
              "mode": "off"
            }
          },
          "mappings": [],
          "min": 0,
          "thresholds": {
            "mode": "absolute",
            "steps": [
              {
                "color": "green",
                "value": null
              },
              {
                "color": "red",
                "value": 80
              }
            ]
          },
          "unit": "short"
        },
        "overrides": []
      },
      "gridPos": {
        "h": 7,
        "w": 8,
        "x": 0,
        "y": 66
      },
      "id": 19,
      "options": {
        "legend": {
          "calcs": [
            "mean",
            "max"
          ],
          "displayMode": "list",
          "placement": "bottom"
        },
        "tooltip": {
          "mode": "single",
          "sort": "none"
        }
      },
      "pluginVersion": "8.0.6",
      "targets": [
        {
          "exemplar": true,
          "expr": "avalanche_${subnet}_handler_unprocessed_msgs_len",
          "interval": "",
          "legendFormat": "Pending Messages",
          "refId": "A"
        }
      ],
      "title": "Unprocessed Incoming Messages",
      "type": "timeseries"
    },
    {
      "fieldConfig": {
        "defaults": {
          "color": {
            "mode": "palette-classic"
          },
          "custom": {
            "axisLabel": "",
            "axisPlacement": "auto",
            "barAlignment": 0,
            "drawStyle": "bars",
            "fillOpacity": 0,
            "gradientMode": "none",
            "hideFrom": {
              "legend": false,
              "tooltip": false,
              "viz": false
            },
            "lineInterpolation": "linear",
            "lineWidth": 1,
            "pointSize": 5,
            "scaleDistribution": {
              "type": "linear"
            },
            "showPoints": "never",
            "spanNulls": true,
            "stacking": {
              "group": "A",
              "mode": "none"
            },
            "thresholdsStyle": {
              "mode": "off"
            }
          },
          "mappings": [],
          "min": 0,
          "thresholds": {
            "mode": "absolute",
            "steps": [
              {
                "color": "green",
                "value": null
              },
              {
                "color": "red",
                "value": 80
              }
            ]
          },
          "unit": "short"
        },
        "overrides": []
      },
      "gridPos": {
        "h": 7,
        "w": 8,
        "x": 8,
        "y": 66
      },
      "id": 29,
      "options": {
        "legend": {
          "calcs": [
            "mean",
            "max"
          ],
          "displayMode": "list",
          "placement": "bottom"
        },
        "tooltip": {
          "mode": "single",
          "sort": "none"
        }
      },
      "pluginVersion": "8.0.6",
      "targets": [
        {
          "exemplar": true,
          "expr": "increase(avalanche_${subnet}_handler_expired[1m])",
          "interval": "",
          "legendFormat": "Expired",
          "refId": "A"
        }
      ],
      "title": "Incoming Messages Expired in Last Minute",
      "type": "timeseries"
    }
  ],
  "refresh": "10s",
  "schemaVersion": 35,
  "style": "dark",
  "tags": [
    "Avalanche"
  ],
  "templating": {
    "list": [
      {
        "current": {
          "selected": true,
          "text": "Spaces (Fuji)",
          "value": "2ebCneCbwthjQ1rYT41nhd7M76Hc6YmosMAQrTFhBq8qeqh6tt"
        },
        "description": "This is a list of popular/known subnets. Your node may not be syncing these subnets in which case you will se no data.",
        "hide": 0,
        "includeAll": false,
        "label": "Subnet",
        "multi": false,
        "name": "subnet",
        "options": [
          {
            "selected": true,
            "text": "Spaces (Fuji)",
            "value": "2ebCneCbwthjQ1rYT41nhd7M76Hc6YmosMAQrTFhBq8qeqh6tt"
          },
          {
            "selected": false,
            "text": "WAGMI (Fuji)",
            "value": "2AM3vsuLoJdGBGqX2ibE8RGEq4Lg7g4bot6BT1Z7B9dH5corUD"
          }
        ],
        "query": "Spaces (Fuji) : 2ebCneCbwthjQ1rYT41nhd7M76Hc6YmosMAQrTFhBq8qeqh6tt, WAGMI (Fuji) : 2AM3vsuLoJdGBGqX2ibE8RGEq4Lg7g4bot6BT1Z7B9dH5corUD",
        "queryValue": "",
        "skipUrlSync": false,
        "type": "custom"
      }
    ]
  },
  "time": {
    "from": "now-7d",
    "to": "now"
  },
  "timepicker": {
    "refresh_intervals": [
      "5s",
      "10s",
      "30s",
      "1m",
      "5m",
      "15m",
      "30m",
      "1h",
      "2h",
      "1d"
    ]
  },
  "timezone": "",
  "title": "Subnets",
  "uid": "Gl1I21mnk",
  "version": 5,
  "weekStart": ""
}
